workload,workload_type,sweep_category,implementation,config_id,inline_max_len,compress_min_len,block_size,anchor_interval,hot_access_threshold,cold_idle_epochs,declarations,uses,unique_names,modeled_peak_bytes,modeled_final_bytes,measured_peak_heap_bytes,measured_final_heap_bytes,cold_lookup_p50_us,cold_lookup_p95_us,cold_lookup_p99_us,cold_lookup_mean_us,hot_lookup_p50_us,hot_lookup_p95_us,hot_lookup_p99_us,hot_lookup_mean_us,insert_p50_us,insert_mean_us,scope_exit_us,promotions,demotions,reconstruction_count,reconstruction_steps_total,mean_reconstruction_depth,count_inline,count_interned,count_compressed
medium,training,baseline,Conventional,0,12,14,32,8,3,0,2000,2000,2000,3944,0,183384,178200,0.058,0.1,0.148,0.0615475,0.058,0.1,0,0,0.18,0.209318,4.385,0,0,0,0,0,0,0,0
medium,training,baseline,Interned,0,12,14,32,8,3,0,2000,2000,2000,3744,0,414840,411568,0.066,0.091,0.108,0.0726025,0.066,0.091,0,0,0.209,0.262583,2.216,0,0,0,0,0,0,0,0
medium,training,block_x_anchor,SymTabV2,1,12,14,4,2,3,0,2000,2000,2000,93941,88844,309520,305656,0.097,0.265,0.339,0.125741,0.097,0.265,0,0,0.318,0.354852,3.27,0,0,1658,810,0.48854,2000,0,0
medium,training,block_x_anchor,SymTabV2,2,12,14,4,4,3,0,2000,2000,2000,93939,88844,309352,305560,0.091,0.334,0.426,0.142712,0.091,0.334,0,0,0.327,0.346,3.005,0,0,1658,2390,1.4415,2000,0,0
medium,training,block_x_anchor,SymTabV2,3,12,14,8,2,3,0,2000,2000,2000,93941,88844,309216,305368,0.088,0.226,0.277,0.115381,0.088,0.226,0,0,0.288,0.300387,2.869,0,0,1658,810,0.48854,2000,0,0
medium,training,block_x_anchor,SymTabV2,4,12,14,8,4,3,0,2000,2000,2000,93939,88844,309192,305416,0.086,0.319,0.399,0.136913,0.086,0.319,0,0,0.322,0.32702,2.865,0,0,1658,2390,1.4415,2000,0,0
medium,training,block_x_anchor,SymTabV2,5,12,14,8,8,3,0,2000,2000,2000,93939,88844,309256,305528,0.091,0.458,0.62,0.176173,0.091,0.458,0,0,0.338,0.370314,2.946,0,0,1658,5406,3.26055,2000,0,0
medium,training,block_x_anchor,SymTabV2,6,12,14,16,2,3,0,2000,2000,2000,93941,88844,309272,305464,0.096,0.265,0.322,0.130015,0.096,0.265,0,0,0.311,0.33932,2.319,0,0,1658,810,0.48854,2000,0,0
medium,training,block_x_anchor,SymTabV2,7,12,14,16,4,3,0,2000,2000,2000,93939,88844,309104,305336,0.086,0.316,0.369,0.140245,0.086,0.316,0,0,0.315,0.319054,2.553,0,0,1658,2390,1.4415,2000,0,0
medium,training,block_x_anchor,SymTabV2,8,12,14,16,8,3,0,2000,2000,2000,93939,88844,309264,305528,0.109,0.597,0.715,0.222843,0.109,0.597,0,0,0.447,0.474929,3.938,0,0,1658,5406,3.26055,2000,0,0
medium,training,block_x_anchor,SymTabV2,9,12,14,16,16,3,0,2000,2000,2000,93939,88844,309056,305320,0.112,0.949,1.118,0.304318,0.112,0.949,0,0,0.509,0.592056,2.829,0,0,1658,10718,6.46441,2000,0,0
medium,training,block_x_anchor,SymTabV2,10,12,14,32,2,3,0,2000,2000,2000,93941,88844,309920,305608,0.084,0.217,0.265,0.112758,0.084,0.217,0,0,0.287,0.297486,2.563,0,0,1658,810,0.48854,2000,0,0
medium,training,block_x_anchor,SymTabV2,11,12,14,32,4,3,0,2000,2000,2000,93939,88844,310104,305848,0.098,0.348,0.491,0.149849,0.098,0.348,0,0,0.331,0.35812,2.594,0,0,1658,2390,1.4415,2000,0,0
medium,training,block_x_anchor,SymTabV2,12,12,14,32,8,3,0,2000,2000,2000,93939,88844,309912,305704,0.088,0.45,0.515,0.172751,0.088,0.45,0,0,0.337,0.361704,2.698,0,0,1658,5406,3.26055,2000,0,0
medium,training,block_x_anchor,SymTabV2,13,12,14,32,16,3,0,2000,2000,2000,93939,88844,310104,305912,0.082,0.68,0.767,0.216133,0.082,0.68,0,0,0.332,0.395832,2.491,0,0,1658,10718,6.46441,2000,0,0
medium,training,block_x_anchor,SymTabV2,14,12,14,32,32,3,0,2000,2000,2000,93939,88844,310104,305880,0.089,0.891,1.087,0.28181,0.089,0.891,0,0,0.358,0.480713,2.736,0,0,1658,16894,10.1894,2000,0,0
medium,training,block_x_anchor,SymTabV2,15,12,14,64,2,3,0,2000,2000,2000,93941,88844,310112,305800,0.085,0.229,0.289,0.116062,0.085,0.229,0,0,0.288,0.308798,2.369,0,0,1658,810,0.48854,2000,0,0
medium,training,block_x_anchor,SymTabV2,16,12,14,64,4,3,0,2000,2000,2000,93939,88844,309992,305752,0.085,0.322,0.376,0.13806,0.085,0.322,0,0,0.314,0.322701,2.345,0,0,1658,2390,1.4415,2000,0,0
medium,training,block_x_anchor,SymTabV2,17,12,14,64,8,3,0,2000,2000,2000,93939,88844,309912,305704,0.089,0.445,0.516,0.171023,0.089,0.445,0,0,0.327,0.354341,2.323,0,0,1658,5406,3.26055,2000,0,0
medium,training,block_x_anchor,SymTabV2,18,12,14,64,16,3,0,2000,2000,2000,93939,88844,310312,306104,0.085,0.68,0.778,0.21759,0.085,0.68,0,0,0.337,0.406371,2.369,0,0,1658,10718,6.46441,2000,0,0
medium,training,block_x_anchor,SymTabV2,19,12,14,64,32,3,0,2000,2000,2000,93939,88844,310040,305816,0.089,0.888,1.115,0.38943,0.089,0.888,0,0,0.353,0.488699,2.836,0,0,1658,16894,10.1894,2000,0,0
medium,training,block_x_anchor,SymTabV2,20,12,14,128,2,3,0,2000,2000,2000,93941,88844,309856,305544,0.091,0.264,0.333,0.120972,0.091,0.264,0,0,0.297,0.341778,3.51,0,0,1658,810,0.48854,2000,0,0
medium,training,block_x_anchor,SymTabV2,21,12,14,128,4,3,0,2000,2000,2000,93939,88844,309992,305752,0.114,0.449,0.523,0.18889,0.114,0.449,0,0,0.468,0.461768,3.504,0,0,1658,2390,1.4415,2000,0,0
medium,training,block_x_anchor,SymTabV2,22,12,14,128,8,3,0,2000,2000,2000,93939,88844,309944,305736,0.102,0.518,0.637,0.193563,0.102,0.518,0,0,0.386,0.432972,2.295,0,0,1658,5406,3.26055,2000,0,0
medium,training,block_x_anchor,SymTabV2,23,12,14,128,16,3,0,2000,2000,2000,93939,88844,309896,305672,0.093,0.731,0.993,0.240764,0.093,0.731,0,0,0.364,0.446538,2.955,0,0,1658,10718,6.46441,2000,0,0
medium,training,block_x_anchor,SymTabV2,24,12,14,128,32,3,0,2000,2000,2000,93939,88844,309960,305736,0.119,1.211,1.579,0.368047,0.119,1.211,0,0,0.542,0.703765,2.431,0,0,1658,16894,10.1894,2000,0,0
medium,training,representation_thresholds,SymTabV2,25,4,8,32,8,3,0,2000,2000,2000,159923,154361,382304,378008,0.27,0.479,0.591,0.290613,0.27,0.479,0,0,0.496,0.751296,2.657,0,0,3064,10262,3.34922,2000,0,0
medium,training,representation_thresholds,SymTabV2,26,4,12,32,8,3,0,2000,2000,2000,160224,154361,429976,425888,0.161,0.461,0.536,0.217314,0.161,0.461,0,0,0.455,0.522626,2.727,0,0,2190,7202,3.28858,2000,0,0
medium,training,representation_thresholds,SymTabV2,27,4,16,32,8,3,0,2000,2000,2000,160674,154361,503688,500272,0.084,0.451,0.527,0.155771,0.084,0.451,0,0,0.405,0.499621,2.499,0,0,1190,3788,3.18319,2000,0,0
medium,training,representation_thresholds,SymTabV2,28,4,24,32,8,3,0,2000,2000,2000,161066,154361,564448,562168,0.075,0.108,0.13,0.079649,0.075,0.108,0,0,0.363,0.447518,0.642,0,0,0,0,0,2000,0,0
medium,training,representation_thresholds,SymTabV2,29,4,32,32,8,3,0,2000,2000,2000,161066,154361,564384,562104,0.077,0.124,0.158,0.081351,0.077,0.124,0,0,0.38,0.465226,0.891,0,0,0,0,0,2000,0,0
medium,training,representation_thresholds,SymTabV2,30,4,999,32,8,3,0,2000,2000,2000,161066,154361,564400,562120,0.075,0.109,0.129,0.0766295,0.075,0.109,0,0,0.357,0.443474,0.644,0,0,0,0,0,2000,0,0
medium,training,representation_thresholds,SymTabV2,31,8,8,32,8,3,0,2000,2000,2000,126527,121424,307016,302720,0.265,0.471,0.564,0.252783,0.265,0.471,0,0,0.453,0.459241,2.605,0,0,3064,10262,3.34922,2000,0,0
medium,training,representation_thresholds,SymTabV2,32,8,12,32,8,3,0,2000,2000,2000,126828,121424,354040,349952,0.156,0.451,0.536,0.201278,0.156,0.451,0,0,0.417,0.443724,2.663,0,0,2190,7202,3.28858,2000,0,0
medium,training,representation_thresholds,SymTabV2,33,8,16,32,8,3,0,2000,2000,2000,127278,121424,404008,400592,0.091,0.497,0.642,0.16568,0.091,0.497,0,0,0.425,0.472042,3.644,0,0,1190,3788,3.18319,2000,0,0
medium,training,representation_thresholds,SymTabV2,34,8,24,32,8,3,0,2000,2000,2000,127670,121424,511904,509624,0.095,0.139,0.178,0.117342,0.095,0.139,0,0,0.499,0.564236,1.353,0,0,0,0,0,2000,0,0
medium,training,representation_thresholds,SymTabV2,35,8,32,32,8,3,0,2000,2000,2000,127670,121424,511968,509688,0.079,0.123,0.15,0.0822245,0.079,0.123,0,0,0.355,0.436428,1.028,0,0,0,0,0,2000,0,0
medium,training,representation_thresholds,SymTabV2,36,8,999,32,8,3,0,2000,2000,2000,127670,121424,511904,509624,0.074,0.11,0.133,0.075287,0.074,0.11,0,0,0.321,0.379326,0.94,0,0,0,0,0,2000,0,0
medium,training,representation_thresholds,SymTabV2,37,12,8,32,8,3,0,2000,2000,2000,93820,88844,272464,268264,0.161,0.461,0.545,0.206833,0.161,0.461,0,0,0.378,0.375266,2.859,0,0,2190,7202,3.28858,2000,0,0
medium,training,representation_thresholds,SymTabV2,38,12,12,32,8,3,0,2000,2000,2000,93820,88844,272496,268296,0.158,0.46,0.528,0.204223,0.158,0.46,0,0,0.372,0.371139,2.58,0,0,2190,7202,3.28858,2000,0,0
medium,training,representation_thresholds,SymTabV2,39,12,16,32,8,3,0,2000,2000,2000,94270,88844,322024,318496,0.08,0.433,0.504,0.147206,0.08,0.433,0,0,0.311,0.341475,2.53,0,0,1190,3788,3.18319,2000,0,0
medium,training,representation_thresholds,SymTabV2,40,12,24,32,8,3,0,2000,2000,2000,94662,88844,451088,440648,0.074,0.11,0.14,0.076317,0.074,0.11,0,0,0.288,0.358838,1.334,0,0,0,0,0,2000,0,0
medium,training,representation_thresholds,SymTabV2,41,12,32,32,8,3,0,2000,2000,2000,94662,88844,451088,440648,0.074,0.11,0.138,0.0766665,0.074,0.11,0,0,0.286,0.328888,1.627,0,0,0,0,0,2000,0,0
medium,training,representation_thresholds,SymTabV2,42,12,999,32,8,3,0,2000,2000,2000,94662,88844,451152,440712,0.076,0.117,0.144,0.0787085,0.076,0.117,0,0,0.285,0.334817,1.629,0,0,0,0,0,2000,0,0
medium,training,representation_thresholds,SymTabV2,43,16,8,32,8,3,0,2000,2000,2000,54344,49624,243328,239688,0.08,0.475,0.588,0.155755,0.08,0.475,0,0,0.125,0.289937,2.101,0,0,1190,3788,3.18319,2000,0,0
medium,training,representation_thresholds,SymTabV2,44,16,12,32,8,3,0,2000,2000,2000,54344,49624,243264,239624,0.076,0.439,0.516,0.143899,0.076,0.439,0,0,0.112,0.262288,1.996,0,0,1190,3788,3.18319,2000,0,0
medium,training,representation_thresholds,SymTabV2,45,16,16,32,8,3,0,2000,2000,2000,54344,49624,243216,239576,0.077,0.446,0.547,0.148022,0.077,0.446,0,0,0.115,0.278887,2.046,0,0,1190,3788,3.18319,2000,0,0
medium,training,representation_thresholds,SymTabV2,46,16,24,32,8,3,0,2000,2000,2000,54736,49624,350144,347736,0.071,0.108,0.137,0.075312,0.071,0.108,0,0,0.114,0.25501,1.094,0,0,0,0,0,2000,0,0
medium,training,representation_thresholds,SymTabV2,47,16,32,32,8,3,0,2000,2000,2000,54736,49624,350208,347800,0.072,0.109,0.135,0.073807,0.072,0.109,0,0,0.111,0.251771,1.184,0,0,0,0,0,2000,0,0
medium,training,representation_thresholds,SymTabV2,48,16,999,32,8,3,0,2000,2000,2000,54736,49624,350160,347752,0.071,0.11,0.134,0.0738065,0.071,0.11,0,0,0.11,0.250943,1.164,0,0,0,0,0,2000,0,0
medium,training,representation_thresholds,SymTabV2,49,20,8,32,8,3,0,2000,2000,2000,14378,9861,196360,193128,0.069,0.161,0.341,0.0800155,0.069,0.161,0,0,0.094,0.151259,0.782,0,0,226,264,1.16814,2000,0,0
medium,training,representation_thresholds,SymTabV2,50,20,12,32,8,3,0,2000,2000,2000,14378,9861,196440,193208,0.069,0.164,0.318,0.080425,0.069,0.164,0,0,0.096,0.350925,0.702,0,0,226,264,1.16814,2000,0,0
medium,training,representation_thresholds,SymTabV2,51,20,16,32,8,3,0,2000,2000,2000,14378,9861,196584,193368,0.073,0.172,0.368,0.0863505,0.073,0.172,0,0,0.103,0.165816,1.07,0,0,226,264,1.16814,2000,0,0
medium,training,representation_thresholds,SymTabV2,52,20,24,32,8,3,0,2000,2000,2000,14468,9861,213800,210840,0.086,0.133,0.161,0.0906785,0.086,0.133,0,0,0.123,0.212403,0.966,0,0,0,0,0,2000,0,0
medium,training,representation_thresholds,SymTabV2,53,20,32,32,8,3,0,2000,2000,2000,14468,9861,213624,210664,0.087,0.133,0.157,0.090812,0.087,0.133,0,0,0.122,0.211657,0.759,0,0,0,0,0,2000,0,0
medium,training,representation_thresholds,SymTabV2,54,20,999,32,8,3,0,2000,2000,2000,14468,9861,213752,210792,0.068,0.101,0.119,0.0704265,0.068,0.101,0,0,0.095,0.157617,0.516,0,0,0,0,0,2000,0,0
medium,training,tiering_policy,SymTabV2,55,12,14,32,8,1,0,2000,2000,2000,94662,88844,451168,440704,0.092,0.443,0.837,0.210722,0.092,0.443,0,0,0.256,0.284476,3.386,829,0,829,0,0,2000,0,0
medium,training,tiering_policy,SymTabV2,56,12,14,32,8,1,20,2000,2000,2000,94662,88844,451056,440592,0.088,0.436,0.704,0.189407,0.088,0.436,0,0,0.246,0.274383,2.657,829,72,829,0,0,2000,0,0
medium,training,tiering_policy,SymTabV2,57,12,14,32,8,1,100,2000,2000,2000,94662,88844,451216,440752,0.086,0.427,0.684,0.188856,0.086,0.427,0,0,0.245,0.269918,2.874,829,0,829,0,0,2000,0,0
medium,training,tiering_policy,SymTabV2,58,12,14,32,8,2,0,2000,2000,2000,94662,88844,451072,440608,0.085,0.181,0.222,0.100632,0.085,0.181,0,0,0.252,0.275268,3.232,829,0,1658,0,0,2000,0,0
medium,training,tiering_policy,SymTabV2,59,12,14,32,8,2,20,2000,2000,2000,94662,88844,451200,440720,0.085,0.186,0.229,0.100195,0.085,0.186,0,0,0.253,0.275397,2.78,829,72,1658,0,0,2000,0,0
medium,training,tiering_policy,SymTabV2,60,12,14,32,8,2,100,2000,2000,2000,94662,88844,451152,440688,0.086,0.187,0.231,0.101768,0.086,0.187,0,0,0.253,0.293698,3.182,829,0,1658,0,0,2000,0,0
medium,training,tiering_policy,SymTabV2,61,12,14,32,8,3,0,2000,2000,2000,93939,88844,309736,305528,0.086,0.449,0.516,0.172919,0.086,0.449,0,0,0.35,0.36856,2.561,0,0,1658,5406,3.26055,2000,0,0
medium,training,tiering_policy,SymTabV2,62,12,14,32,8,3,20,2000,2000,2000,93939,88844,309992,305784,0.088,0.453,0.518,0.182569,0.088,0.453,0,0,0.349,0.363219,2.538,0,0,1658,5406,3.26055,2000,0,0
medium,training,tiering_policy,SymTabV2,63,12,14,32,8,3,100,2000,2000,2000,93939,88844,309976,305768,0.086,0.459,0.537,0.175141,0.086,0.459,0,0,0.33,0.361347,2.724,0,0,1658,5406,3.26055,2000,0,0
medium,training,tiering_policy,SymTabV2,64,12,14,32,8,5,0,2000,2000,2000,93939,88844,309896,305688,0.085,0.455,0.528,0.173169,0.085,0.455,0,0,0.349,0.371228,2.528,0,0,1658,5406,3.26055,2000,0,0
medium,training,tiering_policy,SymTabV2,65,12,14,32,8,5,20,2000,2000,2000,93939,88844,309848,305640,0.086,0.456,0.523,0.175698,0.086,0.456,0,0,0.343,0.362024,2.924,0,0,1658,5406,3.26055,2000,0,0
medium,training,tiering_policy,SymTabV2,66,12,14,32,8,5,100,2000,2000,2000,93939,88844,310200,305976,0.086,0.458,0.537,0.174565,0.086,0.458,0,0,0.348,0.365527,2.562,0,0,1658,5406,3.26055,2000,0,0
medium,training,tiering_policy,SymTabV2,67,12,14,32,8,10,0,2000,2000,2000,93939,88844,309864,305640,0.088,0.453,0.519,0.173112,0.088,0.453,0,0,0.338,0.367574,2.614,0,0,1658,5406,3.26055,2000,0,0
medium,training,tiering_policy,SymTabV2,68,12,14,32,8,10,20,2000,2000,2000,93939,88844,309880,305672,0.098,0.495,0.674,0.190613,0.098,0.495,0,0,0.355,0.420819,2.693,0,0,1658,5406,3.26055,2000,0,0
medium,training,tiering_policy,SymTabV2,69,12,14,32,8,10,100,2000,2000,2000,93939,88844,309928,305720,0.107,0.567,0.691,0.215956,0.107,0.567,0,0,0.463,0.544594,3.765,0,0,1658,5406,3.26055,2000,0,0
medium,training,tiering_policy,SymTabV2,70,12,14,32,8,999,0,2000,2000,2000,93939,88844,310008,305800,0.114,0.603,0.715,0.232824,0.114,0.603,0,0,0.513,0.550044,2.961,0,0,1658,5406,3.26055,2000,0,0
medium,training,tiering_policy,SymTabV2,71,12,14,32,8,999,20,2000,2000,2000,93939,88844,309816,305592,0.089,0.465,0.534,0.178136,0.089,0.465,0,0,0.353,0.375739,2.694,0,0,1658,5406,3.26055,2000,0,0
medium,training,tiering_policy,SymTabV2,72,12,14,32,8,999,100,2000,2000,2000,93939,88844,309816,305608,0.091,0.462,0.527,0.17696,0.091,0.462,0,0,0.346,0.369253,2.582,0,0,1658,5406,3.26055,2000,0,0
high-prefix-similarity,training,baseline,Conventional,0,12,14,32,8,3,0,2000,2000,2000,4800,0,250584,243752,0.06,0.089,0.134,0.0580165,0.06,0.089,0,0,0.178,0.221879,4.558,0,0,0,0,0,0,0,0
high-prefix-similarity,training,baseline,Interned,0,12,14,32,8,3,0,2000,2000,2000,4600,0,611440,608224,0.07,0.087,0.091,0.071309,0.07,0.087,0,0,0.188,0.249032,2.531,0,0,0,0,0,0,0,0
high-prefix-similarity,training,block_x_anchor,SymTabV2,73,12,14,4,2,3,0,2000,2000,2000,189669,184346,462800,457280,0.203,0.317,0.386,0.215254,0.203,0.317,0,0,0.322,0.386126,3.621,0,0,4000,2000,0.5,2000,0,0
high-prefix-similarity,training,block_x_anchor,SymTabV2,74,12,14,4,4,3,0,2000,2000,2000,189347,184346,462128,457088,0.263,0.386,0.451,0.271593,0.263,0.386,0,0,0.409,0.455012,3.079,0,0,4000,5840,1.46,2000,0,0
high-prefix-similarity,training,block_x_anchor,SymTabV2,75,12,14,8,2,3,0,2000,2000,2000,189669,184346,462160,456688,0.23,0.385,0.443,0.248447,0.23,0.385,0,0,0.352,0.418503,2.935,0,0,4000,2000,0.5,2000,0,0
high-prefix-similarity,training,block_x_anchor,SymTabV2,76,12,14,8,4,3,0,2000,2000,2000,189347,184346,461712,456720,0.276,0.381,0.458,0.268796,0.276,0.381,0,0,0.4,0.450641,2.82,0,0,4000,5840,1.46,2000,0,0
high-prefix-similarity,training,block_x_anchor,SymTabV2,77,12,14,8,8,3,0,2000,2000,2000,189186,184346,461312,456560,0.387,0.634,0.677,0.403456,0.387,0.634,0,0,0.561,0.588929,2.844,0,0,4000,13520,3.38,2000,0,0
high-prefix-similarity,training,block_x_anchor,SymTabV2,78,12,14,16,2,3,0,2000,2000,2000,189669,184346,461992,456544,0.203,0.318,0.381,0.214519,0.203,0.318,0,0,0.309,0.368562,2.816,0,0,4000,2000,0.5,2000,0,0
high-prefix-similarity,training,block_x_anchor,SymTabV2,79,12,14,16,4,3,0,2000,2000,2000,189347,184346,461624,456656,0.275,0.383,0.459,0.276203,0.275,0.383,0,0,0.399,0.445332,2.84,0,0,4000,5840,1.46,2000,0,0
high-prefix-similarity,training,block_x_anchor,SymTabV2,80,12,14,16,8,3,0,2000,2000,2000,189186,184346,461208,456480,0.393,0.64,0.684,0.408211,0.393,0.64,0,0,0.571,0.607087,3.584,0,0,4000,13520,3.38,2000,0,0
high-prefix-similarity,training,block_x_anchor,SymTabV2,81,12,14,16,16,3,0,2000,2000,2000,189106,184346,461136,456528,0.795,1.531,1.691,0.837198,0.795,1.531,0,0,1.07,1.17732,2.835,0,0,4000,28880,7.22,2000,0,0
high-prefix-similarity,training,block_x_anchor,SymTabV2,82,12,14,32,2,3,0,2000,2000,2000,189669,184346,463384,457072,0.202,0.312,0.396,0.212321,0.202,0.312,0,0,0.308,0.369062,2.701,0,0,4000,2000,0.5,2000,0,0
high-prefix-similarity,training,block_x_anchor,SymTabV2,83,12,14,32,4,3,0,2000,2000,2000,189347,184346,462312,456480,0.291,0.396,0.493,0.280199,0.291,0.396,0,0,0.407,0.458949,2.925,0,0,4000,5840,1.46,2000,0,0
high-prefix-similarity,training,block_x_anchor,SymTabV2,84,12,14,32,8,3,0,2000,2000,2000,189186,184346,462088,456496,0.397,0.64,0.697,0.412615,0.397,0.64,0,0,0.569,0.602799,2.729,0,0,4000,13520,3.38,2000,0,0
high-prefix-similarity,training,block_x_anchor,SymTabV2,85,12,14,32,16,3,0,2000,2000,2000,189106,184346,461952,456480,0.658,1.178,1.372,0.712879,0.658,1.178,0,0,0.859,0.911425,2.81,0,0,4000,28880,7.22,2000,0,0
high-prefix-similarity,training,block_x_anchor,SymTabV2,86,12,14,32,32,3,0,2000,2000,2000,189052,184346,462000,456608,0.984,2.12,2.272,1.05976,0.984,2.12,0,0,1.167,1.2583,2.727,0,0,4000,51920,12.98,2000,0,0
high-prefix-similarity,training,block_x_anchor,SymTabV2,87,12,14,64,2,3,0,2000,2000,2000,189669,184346,462784,456800,0.219,0.325,0.403,0.224236,0.219,0.325,0,0,0.308,0.365137,2.572,0,0,4000,2000,0.5,2000,0,0
high-prefix-similarity,training,block_x_anchor,SymTabV2,88,12,14,64,4,3,0,2000,2000,2000,189347,184346,462112,456608,0.291,0.383,0.483,0.277501,0.291,0.383,0,0,0.401,0.445695,2.567,0,0,4000,5840,1.46,2000,0,0
high-prefix-similarity,training,block_x_anchor,SymTabV2,89,12,14,64,8,3,0,2000,2000,2000,189186,184346,461968,456704,0.402,0.636,0.679,0.418139,0.402,0.636,0,0,0.575,0.852985,2.934,0,0,4000,13520,3.38,2000,0,0
high-prefix-similarity,training,block_x_anchor,SymTabV2,90,12,14,64,16,3,0,2000,2000,2000,189106,184346,461752,456608,0.664,1.185,1.411,0.696759,0.664,1.185,0,0,0.865,0.895792,2.356,0,0,4000,28880,7.22,2000,0,0
high-prefix-similarity,training,block_x_anchor,SymTabV2,91,12,14,64,32,3,0,2000,2000,2000,189052,184346,461688,456608,1.272,2.839,3.159,1.38344,1.272,2.839,0,0,1.638,1.77971,3.693,0,0,4000,51920,12.98,2000,0,0
high-prefix-similarity,training,block_x_anchor,SymTabV2,92,12,14,128,2,3,0,2000,2000,2000,189669,184346,462880,456896,0.237,0.409,0.577,0.257494,0.237,0.409,0,0,0.397,0.640294,2.815,0,0,4000,2000,0.5,2000,0,0
high-prefix-similarity,training,block_x_anchor,SymTabV2,93,12,14,128,4,3,0,2000,2000,2000,189347,184346,462144,456640,0.287,0.387,0.469,0.27836,0.287,0.387,0,0,0.399,0.447638,2.511,0,0,4000,5840,1.46,2000,0,0
high-prefix-similarity,training,block_x_anchor,SymTabV2,94,12,14,128,8,3,0,2000,2000,2000,189186,184346,461872,456608,0.395,0.636,0.673,0.415851,0.395,0.636,0,0,0.566,0.6,2.42,0,0,4000,13520,3.38,2000,0,0
high-prefix-similarity,training,block_x_anchor,SymTabV2,95,12,14,128,16,3,0,2000,2000,2000,189106,184346,461800,456656,0.649,1.163,1.209,0.676371,0.649,1.163,0,0,0.83,0.858937,2.364,0,0,4000,28880,7.22,2000,0,0
high-prefix-similarity,training,block_x_anchor,SymTabV2,96,12,14,128,32,3,0,2000,2000,2000,189052,184346,461720,456640,1.003,2.135,2.323,1.07685,1.003,2.135,0,0,1.196,1.28229,2.429,0,0,4000,51920,12.98,2000,0,0
high-prefix-similarity,training,representation_thresholds,SymTabV2,97,4,8,32,8,3,0,2000,2000,2000,189186,184346,462136,456584,0.396,0.639,0.681,0.410412,0.396,0.639,0,0,0.564,0.599697,2.382,0,0,4000,13520,3.38,2000,0,0
high-prefix-similarity,training,representation_thresholds,SymTabV2,98,4,12,32,8,3,0,2000,2000,2000,189186,184346,462152,456600,0.396,0.633,0.676,0.408966,0.396,0.633,0,0,0.56,0.595255,2.404,0,0,4000,13520,3.38,2000,0,0
high-prefix-similarity,training,representation_thresholds,SymTabV2,99,4,16,32,8,3,0,2000,2000,2000,189186,184346,462216,456664,0.401,0.638,0.675,0.411192,0.401,0.638,0,0,0.563,0.595293,2.472,0,0,4000,13520,3.38,2000,0,0
high-prefix-similarity,training,representation_thresholds,SymTabV2,100,4,24,32,8,3,0,2000,2000,2000,189186,184346,478512,472960,0.447,0.803,0.887,0.45706,0.447,0.803,0,0,0.673,0.734578,1.552,0,0,3800,12844,3.38,2000,0,0
high-prefix-similarity,training,representation_thresholds,SymTabV2,101,4,32,32,8,3,0,2000,2000,2000,191844,184346,820432,818192,0.105,0.143,0.164,0.11103,0.105,0.143,0,0,0.525,0.641758,1.229,0,0,0,0,0,2000,0,0
high-prefix-similarity,training,representation_thresholds,SymTabV2,102,4,999,32,8,3,0,2000,2000,2000,191844,184346,820288,818048,0.102,0.142,0.173,0.118411,0.102,0.142,0,0,0.534,0.760983,1.529,0,0,0,0,0,2000,0,0
high-prefix-similarity,training,representation_thresholds,SymTabV2,103,8,8,32,8,3,0,2000,2000,2000,189186,184346,462136,456584,0.496,0.836,1.01,0.525747,0.496,0.836,0,0,0.839,0.93621,9.366,0,0,4000,13520,3.38,2000,0,0
high-prefix-similarity,training,representation_thresholds,SymTabV2,104,8,12,32,8,3,0,2000,2000,2000,189186,184346,462120,456568,0.549,0.976,1.113,0.581071,0.549,0.976,0,0,0.916,1.07565,4.583,0,0,4000,13520,3.38,2000,0,0
high-prefix-similarity,training,representation_thresholds,SymTabV2,105,8,16,32,8,3,0,2000,2000,2000,189186,184346,462248,456696,0.51,0.869,1.045,0.551624,0.51,0.869,0,0,0.816,0.90847,4.153,0,0,4000,13520,3.38,2000,0,0
high-prefix-similarity,training,representation_thresholds,SymTabV2,106,8,24,32,8,3,0,2000,2000,2000,189186,184346,478384,472832,0.508,0.869,0.999,0.53555,0.508,0.869,0,0,0.847,0.948892,2.318,0,0,3800,12844,3.38,2000,0,0
high-prefix-similarity,training,representation_thresholds,SymTabV2,107,8,32,32,8,3,0,2000,2000,2000,191844,184346,820352,818112,0.106,0.149,0.18,0.118823,0.106,0.149,0,0,0.492,0.619049,1.123,0,0,0,0,0,2000,0,0
high-prefix-similarity,training,representation_thresholds,SymTabV2,108,8,999,32,8,3,0,2000,2000,2000,191844,184346,820288,818048,0.111,0.159,0.189,0.118694,0.111,0.159,0,0,0.507,0.617601,1.218,0,0,0,0,0,2000,0,0
high-prefix-similarity,training,representation_thresholds,SymTabV2,109,12,8,32,8,3,0,2000,2000,2000,189186,184346,462072,456520,0.503,0.862,1.012,0.521926,0.503,0.862,0,0,0.756,0.863647,2.661,0,0,4000,13520,3.38,2000,0,0
high-prefix-similarity,training,representation_thresholds,SymTabV2,110,12,12,32,8,3,0,2000,2000,2000,189186,184346,462136,456584,0.51,0.874,0.984,0.531551,0.51,0.874,0,0,0.775,0.860964,3.701,0,0,4000,13520,3.38,2000,0,0
high-prefix-similarity,training,representation_thresholds,SymTabV2,111,12,16,32,8,3,0,2000,2000,2000,189186,184346,462216,456664,0.466,0.795,0.935,0.483216,0.466,0.795,0,0,0.674,0.757696,3.308,0,0,4000,13520,3.38,2000,0,0
high-prefix-similarity,training,representation_thresholds,SymTabV2,112,12,24,32,8,3,0,2000,2000,2000,189186,184346,478448,472896,0.461,0.772,0.953,0.463758,0.461,0.772,0,0,0.67,0.741854,2.071,0,0,3800,12844,3.38,2000,0,0
high-prefix-similarity,training,representation_thresholds,SymTabV2,113,12,32,32,8,3,0,2000,2000,2000,191844,184346,820432,818192,0.114,0.158,0.188,0.120023,0.114,0.158,0,0,0.549,0.660581,2.149,0,0,0,0,0,2000,0,0
high-prefix-similarity,training,representation_thresholds,SymTabV2,114,12,999,32,8,3,0,2000,2000,2000,191844,184346,820240,818000,0.117,0.161,0.186,0.129199,0.117,0.161,0,0,0.573,0.728177,2.201,0,0,0,0,0,2000,0,0
high-prefix-similarity,training,representation_thresholds,SymTabV2,115,16,8,32,8,3,0,2000,2000,2000,189186,184346,462152,456600,0.554,0.942,1.07,0.580959,0.554,0.942,0,0,0.867,0.951937,3.766,0,0,4000,13520,3.38,2000,0,0
high-prefix-similarity,training,representation_thresholds,SymTabV2,116,16,12,32,8,3,0,2000,2000,2000,189186,184346,462168,456616,0.51,0.867,1.013,0.528052,0.51,0.867,0,0,0.772,0.866024,3.722,0,0,4000,13520,3.38,2000,0,0
high-prefix-similarity,training,representation_thresholds,SymTabV2,117,16,16,32,8,3,0,2000,2000,2000,189186,184346,462232,456680,0.542,0.91,1.092,0.573815,0.542,0.91,0,0,0.853,0.947561,3.079,0,0,4000,13520,3.38,2000,0,0
high-prefix-similarity,training,representation_thresholds,SymTabV2,118,16,24,32,8,3,0,2000,2000,2000,189186,184346,478416,472864,0.503,0.84,1.001,0.512782,0.503,0.84,0,0,0.828,0.928846,2.452,0,0,3800,12844,3.38,2000,0,0
high-prefix-similarity,training,representation_thresholds,SymTabV2,119,16,32,32,8,3,0,2000,2000,2000,191844,184346,820464,818224,0.116,0.168,0.209,0.122814,0.116,0.168,0,0,0.595,0.763376,1.892,0,0,0,0,0,2000,0,0
high-prefix-similarity,training,representation_thresholds,SymTabV2,120,16,999,32,8,3,0,2000,2000,2000,191844,184346,820288,818048,0.112,0.16,0.186,0.118598,0.112,0.16,0,0,0.545,0.678524,1.905,0,0,0,0,0,2000,0,0
high-prefix-similarity,training,representation_thresholds,SymTabV2,121,20,8,32,8,3,0,2000,2000,2000,189186,184346,461880,456328,0.534,0.913,1.087,0.555647,0.534,0.913,0,0,0.806,0.896569,5.609,0,0,4000,13520,3.38,2000,0,0
high-prefix-similarity,training,representation_thresholds,SymTabV2,122,20,12,32,8,3,0,2000,2000,2000,189186,184346,462088,456536,0.562,0.939,1.13,0.587069,0.562,0.939,0,0,0.88,0.962255,1.832,0,0,4000,13520,3.38,2000,0,0
high-prefix-similarity,training,representation_thresholds,SymTabV2,123,20,16,32,8,3,0,2000,2000,2000,189186,184346,462216,456664,0.619,1.013,1.173,0.648522,0.619,1.013,0,0,1.026,1.11773,1.571,0,0,4000,13520,3.38,2000,0,0
high-prefix-similarity,training,representation_thresholds,SymTabV2,124,20,24,32,8,3,0,2000,2000,2000,189186,184346,478368,472816,0.564,0.954,1.089,0.574596,0.564,0.954,0,0,0.934,1.06184,1.398,0,0,3800,12844,3.38,2000,0,0
high-prefix-similarity,training,representation_thresholds,SymTabV2,125,20,32,32,8,3,0,2000,2000,2000,191844,184346,820288,818048,0.112,0.152,0.175,0.115739,0.112,0.152,0,0,0.459,0.56669,1.136,0,0,0,0,0,2000,0,0
high-prefix-similarity,training,representation_thresholds,SymTabV2,126,20,999,32,8,3,0,2000,2000,2000,191844,184346,820208,817968,0.121,0.175,0.205,0.135015,0.121,0.175,0,0,0.604,0.756029,1.229,0,0,0,0,0,2000,0,0
high-prefix-similarity,training,tiering_policy,SymTabV2,127,12,14,32,8,1,0,2000,2000,2000,191844,184346,820224,817944,0.528,0.895,1.434,0.624282,0.528,0.895,0,0,0.527,1.10737,4.74,2000,0,2000,0,0,2000,0,0
high-prefix-similarity,training,tiering_policy,SymTabV2,128,12,14,32,8,1,20,2000,2000,2000,191844,184346,822320,817944,0.513,0.78,1.269,0.57951,0.513,0.78,0,0,0.505,0.596322,4.673,2000,160,2000,0,0,2000,0,0
high-prefix-similarity,training,tiering_policy,SymTabV2,129,12,14,32,8,1,100,2000,2000,2000,191844,184346,820368,818088,0.502,0.813,1.532,0.579022,0.502,0.813,0,0,0.505,0.608386,4.826,2000,0,2000,0,0,2000,0,0
high-prefix-similarity,training,tiering_policy,SymTabV2,130,12,14,32,8,2,0,2000,2000,2000,191844,184346,820288,818008,0.208,0.324,0.434,0.228516,0.208,0.324,0,0,0.488,0.587636,3.844,2000,0,4000,0,0,2000,0,0
high-prefix-similarity,training,tiering_policy,SymTabV2,131,12,14,32,8,2,20,2000,2000,2000,191844,184346,822400,818024,0.206,0.327,0.416,0.219565,0.206,0.327,0,0,0.471,0.563135,4.884,2000,160,4000,0,0,2000,0,0
high-prefix-similarity,training,tiering_policy,SymTabV2,132,12,14,32,8,2,100,2000,2000,2000,191844,184346,820256,817976,0.233,0.347,0.42,0.246575,0.233,0.347,0,0,0.565,0.669353,5.904,2000,0,4000,0,0,2000,0,0
high-prefix-similarity,training,tiering_policy,SymTabV2,133,12,14,32,8,3,0,2000,2000,2000,189186,184346,462104,456512,0.573,0.991,1.089,0.591816,0.573,0.991,0,0,0.84,0.929015,4.259,0,0,4000,13520,3.38,2000,0,0
high-prefix-similarity,training,tiering_policy,SymTabV2,134,12,14,32,8,3,20,2000,2000,2000,189186,184346,462072,456480,0.577,0.96,1.13,0.600359,0.577,0.96,0,0,0.895,1.01159,4.769,0,0,4000,13520,3.38,2000,0,0
high-prefix-similarity,training,tiering_policy,SymTabV2,135,12,14,32,8,3,100,2000,2000,2000,189186,184346,462248,456656,0.577,0.976,1.108,0.597285,0.577,0.976,0,0,0.884,0.979977,3.634,0,0,4000,13520,3.38,2000,0,0
high-prefix-similarity,training,tiering_policy,SymTabV2,136,12,14,32,8,5,0,2000,2000,2000,189186,184346,462120,456528,0.556,0.934,1.085,0.579312,0.556,0.934,0,0,0.885,0.979709,4.93,0,0,4000,13520,3.38,2000,0,0
high-prefix-similarity,training,tiering_policy,SymTabV2,137,12,14,32,8,5,20,2000,2000,2000,189186,184346,462072,456480,0.594,0.953,1.085,0.619314,0.594,0.953,0,0,0.977,1.07883,5.656,0,0,4000,13520,3.38,2000,0,0
high-prefix-similarity,training,tiering_policy,SymTabV2,138,12,14,32,8,5,100,2000,2000,2000,189186,184346,462296,456704,0.61,1.021,1.179,0.646517,0.61,1.021,0,0,0.991,1.13482,5.809,0,0,4000,13520,3.38,2000,0,0
high-prefix-similarity,training,tiering_policy,SymTabV2,139,12,14,32,8,10,0,2000,2000,2000,189186,184346,462248,456656,0.63,1.019,1.138,0.652995,0.63,1.019,0,0,1.035,1.11856,3.793,0,0,4000,13520,3.38,2000,0,0
high-prefix-similarity,training,tiering_policy,SymTabV2,140,12,14,32,8,10,20,2000,2000,2000,189186,184346,462136,456544,0.616,1.023,1.167,0.637347,0.616,1.023,0,0,0.972,1.07234,3.972,0,0,4000,13520,3.38,2000,0,0
high-prefix-similarity,training,tiering_policy,SymTabV2,141,12,14,32,8,10,100,2000,2000,2000,189186,184346,462088,456496,0.592,0.989,1.151,0.625572,0.592,0.989,0,0,0.944,1.09515,4.674,0,0,4000,13520,3.38,2000,0,0
high-prefix-similarity,training,tiering_policy,SymTabV2,142,12,14,32,8,999,0,2000,2000,2000,189186,184346,462184,456592,0.597,1.034,1.139,0.634058,0.597,1.034,0,0,0.904,1.01243,4.787,0,0,4000,13520,3.38,2000,0,0
high-prefix-similarity,training,tiering_policy,SymTabV2,143,12,14,32,8,999,20,2000,2000,2000,189186,184346,462184,456592,0.684,1.111,1.239,0.724325,0.684,1.111,0,0,1.111,1.29692,4.562,0,0,4000,13520,3.38,2000,0,0
high-prefix-similarity,training,tiering_policy,SymTabV2,144,12,14,32,8,999,100,2000,2000,2000,189186,184346,462232,456640,0.62,1.058,1.166,0.640807,0.62,1.058,0,0,0.923,1.0244,4.1,0,0,4000,13520,3.38,2000,0,0
hot-cold-access,training,baseline,Conventional,0,12,14,32,8,3,0,2000,2600,2000,5050,0,204064,199000,0.087,0.148,0.215,0.0905162,0.087,0.148,0,0,0.304,0.348536,7.179,0,0,0,0,0,0,0,0
hot-cold-access,training,baseline,Interned,0,12,14,32,8,3,0,2000,2600,2000,4850,0,443384,440112,0.094,0.127,0.148,0.101338,0.094,0.127,0,0,0.298,0.385691,4.121,0,0,0,0,0,0,0,0
hot-cold-access,training,block_x_anchor,SymTabV2,145,12,14,4,2,3,0,2000,2600,2000,106006,100941,377824,373864,0.164,0.511,0.934,0.648805,0.164,0.511,0,0,0.513,0.907423,6.623,200,0,2058,714,0.346939,2000,0,0
hot-cold-access,training,block_x_anchor,SymTabV2,146,12,14,4,4,3,0,2000,2600,2000,106006,100941,377840,373896,0.167,0.609,0.828,0.322433,0.167,0.609,0,0,0.594,0.65479,7.803,200,0,2058,2094,1.01749,2000,0,0
hot-cold-access,training,block_x_anchor,SymTabV2,147,12,14,8,2,3,0,2000,2600,2000,106006,100941,377536,373592,0.16,0.602,0.934,0.242323,0.16,0.602,0,0,0.523,0.596151,15.582,200,0,2058,714,0.346939,2000,0,0
hot-cold-access,training,block_x_anchor,SymTabV2,148,12,14,8,4,3,0,2000,2600,2000,106006,100941,377552,373624,0.165,0.607,0.976,0.259554,0.165,0.607,0,0,0.56,0.634399,5.2,200,0,2058,2094,1.01749,2000,0,0
hot-cold-access,training,block_x_anchor,SymTabV2,149,12,14,8,8,3,0,2000,2600,2000,106006,100941,377776,373880,0.168,0.768,1.055,0.309735,0.168,0.768,0,0,0.656,0.743246,5.794,200,0,2058,4710,2.28863,2000,0,0
hot-cold-access,training,block_x_anchor,SymTabV2,150,12,14,16,2,3,0,2000,2600,2000,106006,100941,377448,373512,0.162,0.591,0.989,0.234504,0.162,0.591,0,0,0.441,0.550839,4.814,200,0,2058,714,0.346939,2000,0,0
hot-cold-access,training,block_x_anchor,SymTabV2,151,12,14,16,4,3,0,2000,2600,2000,106006,100941,377560,373640,0.162,0.599,1.003,0.275284,0.162,0.599,0,0,0.564,0.624779,5.341,200,0,2058,2094,1.01749,2000,0,0
hot-cold-access,training,block_x_anchor,SymTabV2,152,12,14,16,8,3,0,2000,2600,2000,106006,100941,377464,373576,0.18,0.806,1.128,0.325548,0.18,0.806,0,0,0.635,0.79966,5.617,200,0,2058,4710,2.28863,2000,0,0
hot-cold-access,training,block_x_anchor,SymTabV2,153,12,14,16,16,3,0,2000,2600,2000,106006,100941,377512,373640,0.163,1.045,1.347,0.359328,0.163,1.045,0,0,0.658,0.815407,5.75,200,0,2058,9382,4.55879,2000,0,0
hot-cold-access,training,block_x_anchor,SymTabV2,154,12,14,32,2,3,0,2000,2600,2000,106006,100941,377704,373768,0.167,0.58,1.175,0.266996,0.167,0.58,0,0,0.529,1.02777,5.716,200,0,2058,714,0.346939,2000,0,0
hot-cold-access,training,block_x_anchor,SymTabV2,155,12,14,32,4,3,0,2000,2600,2000,106006,100941,377720,373800,0.171,0.619,0.933,0.2662,0.171,0.619,0,0,0.597,0.627355,5.448,200,0,2058,2094,1.01749,2000,0,0
hot-cold-access,training,block_x_anchor,SymTabV2,156,12,14,32,8,3,0,2000,2600,2000,106006,100941,377880,373992,0.164,0.762,1.014,0.297092,0.164,0.762,0,0,0.635,0.929448,5.602,200,0,2058,4710,2.28863,2000,0,0
hot-cold-access,training,block_x_anchor,SymTabV2,157,12,14,32,16,3,0,2000,2600,2000,106006,100941,377608,373736,0.174,1.168,1.439,0.399612,0.174,1.168,0,0,0.732,0.957511,4.791,200,0,2058,9382,4.55879,2000,0,0
hot-cold-access,training,block_x_anchor,SymTabV2,158,12,14,32,32,3,0,2000,2600,2000,106006,100941,377768,373896,0.174,1.381,1.792,0.56362,0.174,1.381,0,0,0.685,0.901708,5.89,200,0,2058,14342,6.9689,2000,0,0
hot-cold-access,training,block_x_anchor,SymTabV2,159,12,14,64,2,3,0,2000,2600,2000,106006,100941,377800,373864,0.186,0.669,1.029,0.269311,0.186,0.669,0,0,0.63,0.677475,5.43,200,0,2058,714,0.346939,2000,0,0
hot-cold-access,training,block_x_anchor,SymTabV2,160,12,14,64,4,3,0,2000,2600,2000,106006,100941,377704,373784,0.187,0.708,1.096,0.313612,0.187,0.708,0,0,0.683,0.715931,5.324,200,0,2058,2094,1.01749,2000,0,0
hot-cold-access,training,block_x_anchor,SymTabV2,161,12,14,64,8,3,0,2000,2600,2000,106006,100941,377784,373896,0.188,0.844,1.103,0.34383,0.188,0.844,0,0,0.751,0.800262,5.685,200,0,2058,4710,2.28863,2000,0,0
hot-cold-access,training,block_x_anchor,SymTabV2,162,12,14,64,16,3,0,2000,2600,2000,106006,100941,377720,373848,0.192,1.177,1.45,0.394722,0.192,1.177,0,0,0.732,0.848047,5.479,200,0,2058,9382,4.55879,2000,0,0
hot-cold-access,training,block_x_anchor,SymTabV2,163,12,14,64,32,3,0,2000,2600,2000,106006,100941,377704,373832,0.194,1.565,1.895,0.481147,0.194,1.565,0,0,0.791,1.00352,5.077,200,0,2058,14342,6.9689,2000,0,0
hot-cold-access,training,block_x_anchor,SymTabV2,164,12,14,128,2,3,0,2000,2600,2000,106006,100941,377800,373864,0.185,0.64,1.075,0.269129,0.185,0.64,0,0,0.616,0.646865,4.978,200,0,2058,714,0.346939,2000,0,0
hot-cold-access,training,block_x_anchor,SymTabV2,165,12,14,128,4,3,0,2000,2600,2000,106006,100941,377784,373864,0.184,0.709,1.065,0.299728,0.184,0.709,0,0,0.696,0.71382,5.624,200,0,2058,2094,1.01749,2000,0,0
hot-cold-access,training,block_x_anchor,SymTabV2,166,12,14,128,8,3,0,2000,2600,2000,106006,100941,377688,373800,0.188,0.838,1.12,0.345879,0.188,0.838,0,0,0.738,0.780994,4.818,200,0,2058,4710,2.28863,2000,0,0
hot-cold-access,training,block_x_anchor,SymTabV2,167,12,14,128,16,3,0,2000,2600,2000,106006,100941,377624,373752,0.189,1.218,1.534,0.408484,0.189,1.218,0,0,0.762,0.874425,16.948,200,0,2058,9382,4.55879,2000,0,0
hot-cold-access,training,block_x_anchor,SymTabV2,168,12,14,128,32,3,0,2000,2600,2000,106006,100941,377784,373912,0.191,1.475,1.888,0.457427,0.191,1.475,0,0,0.752,0.947831,5.458,200,0,2058,14342,6.9689,2000,0,0
hot-cold-access,training,representation_thresholds,SymTabV2,169,4,8,32,8,3,0,2000,2600,2000,164614,159181,422256,417504,0.44,0.823,1.093,0.450291,0.44,0.823,0,0,0.901,1.01285,5.289,200,0,3674,10318,2.80838,2000,0,0
hot-cold-access,training,representation_thresholds,SymTabV2,170,4,12,32,8,3,0,2000,2600,2000,165154,159181,474224,470184,0.263,0.777,1,0.361012,0.263,0.777,0,0,0.822,0.949215,4.818,200,0,2616,6612,2.52752,2000,0,0
hot-cold-access,training,representation_thresholds,SymTabV2,171,4,16,32,8,3,0,2000,2600,2000,165604,159181,552768,549760,0.154,0.772,1.049,0.26297,0.154,0.772,0,0,0.719,0.911962,5.087,200,0,1438,2528,1.758,2000,0,0
hot-cold-access,training,representation_thresholds,SymTabV2,172,4,24,32,8,3,0,2000,2600,2000,165844,159181,595952,593480,0.151,0.66,0.975,0.215833,0.151,0.66,0,0,0.745,0.929477,1.765,200,0,600,0,0,2000,0,0
hot-cold-access,training,representation_thresholds,SymTabV2,173,4,32,32,8,3,0,2000,2600,2000,165844,159181,595936,593464,0.152,0.615,1.009,0.211206,0.152,0.615,0,0,0.722,0.864216,1.447,200,0,600,0,0,2000,0,0
hot-cold-access,training,representation_thresholds,SymTabV2,174,4,999,32,8,3,0,2000,2600,2000,165844,159181,596048,593576,0.147,0.19,0.225,0.146498,0.147,0.19,0,0,0.721,0.881961,1.627,0,0,0,0,0,2000,0,0
hot-cold-access,training,representation_thresholds,SymTabV2,175,8,8,32,8,3,0,2000,2600,2000,145457,140378,381552,376800,0.433,0.823,1.092,0.453227,0.433,0.823,0,0,0.869,0.922493,5.044,200,0,3674,10318,2.80838,2000,0,0
hot-cold-access,training,representation_thresholds,SymTabV2,176,8,12,32,8,3,0,2000,2600,2000,145997,140378,445248,440984,0.287,0.907,1.166,0.403559,0.287,0.907,0,0,0.879,0.977828,6.557,200,0,2616,6612,2.52752,2000,0,0
hot-cold-access,training,representation_thresholds,SymTabV2,177,8,16,32,8,3,0,2000,2600,2000,146447,140378,523360,520128,0.165,0.829,1.125,0.286769,0.165,0.829,0,0,0.725,0.877743,5.133,200,0,1438,2528,1.758,2000,0,0
hot-cold-access,training,representation_thresholds,SymTabV2,178,8,24,32,8,3,0,2000,2600,2000,146687,140378,566624,563928,0.136,0.634,0.984,0.199124,0.136,0.634,0,0,0.631,0.761768,1.991,200,0,600,0,0,2000,0,0
hot-cold-access,training,representation_thresholds,SymTabV2,179,8,32,32,8,3,0,2000,2600,2000,146687,140378,566656,563960,0.149,0.578,0.981,0.20161,0.149,0.578,0,0,0.684,0.835799,2.137,200,0,600,0,0,2000,0,0
hot-cold-access,training,representation_thresholds,SymTabV2,180,8,999,32,8,3,0,2000,2600,2000,146687,140378,566672,563976,0.15,0.209,0.254,0.148775,0.15,0.209,0,0,0.706,0.845426,1.912,0,0,0,0,0,2000,0,0
hot-cold-access,training,representation_thresholds,SymTabV2,181,12,8,32,8,3,0,2000,2600,2000,105796,100941,351488,347000,0.253,0.758,1.074,0.333849,0.253,0.758,0,0,0.596,0.653344,5.136,200,0,2616,6612,2.52752,2000,0,0
hot-cold-access,training,representation_thresholds,SymTabV2,182,12,12,32,8,3,0,2000,2600,2000,105796,100941,351360,346872,0.256,0.794,1.11,0.352776,0.256,0.794,0,0,0.654,0.70873,5.347,200,0,2616,6612,2.52752,2000,0,0
hot-cold-access,training,representation_thresholds,SymTabV2,183,12,16,32,8,3,0,2000,2600,2000,106246,100941,417312,413856,0.168,0.821,1.141,0.380688,0.168,0.821,0,0,0.667,0.77887,5.435,200,0,1438,2528,1.758,2000,0,0
hot-cold-access,training,representation_thresholds,SymTabV2,184,12,24,32,8,3,0,2000,2600,2000,106486,100941,507616,504696,0.152,0.682,1.189,0.245561,0.152,0.682,0,0,0.608,0.709334,2.838,200,0,600,0,0,2000,0,0
hot-cold-access,training,representation_thresholds,SymTabV2,185,12,32,32,8,3,0,2000,2600,2000,106486,100941,507520,504600,0.151,0.649,0.983,0.213806,0.151,0.649,0,0,0.598,0.762826,2.718,200,0,600,0,0,2000,0,0
hot-cold-access,training,representation_thresholds,SymTabV2,186,12,999,32,8,3,0,2000,2600,2000,106486,100941,507744,504824,0.154,0.209,0.246,0.149272,0.154,0.209,0,0,0.645,0.752952,2.83,0,0,0,0,0,2000,0,0
hot-cold-access,training,representation_thresholds,SymTabV2,187,16,8,32,8,3,0,2000,2600,2000,59290,54683,306976,303408,0.164,0.802,1.061,0.279884,0.164,0.802,0,0,0.22,0.553282,4.959,200,0,1438,2528,1.758,2000,0,0
hot-cold-access,training,representation_thresholds,SymTabV2,188,16,12,32,8,3,0,2000,2600,2000,59290,54683,306896,303328,0.166,0.814,1.132,0.283876,0.166,0.814,0,0,0.227,0.879619,4.935,200,0,1438,2528,1.758,2000,0,0
hot-cold-access,training,representation_thresholds,SymTabV2,189,16,16,32,8,3,0,2000,2600,2000,59290,54683,306880,303312,0.158,0.763,1.078,0.286687,0.158,0.763,0,0,0.227,0.50732,5.996,200,0,1438,2528,1.758,2000,0,0
hot-cold-access,training,representation_thresholds,SymTabV2,190,16,24,32,8,3,0,2000,2600,2000,59530,54683,384832,381800,0.144,0.654,1.017,0.213074,0.144,0.654,0,0,0.227,0.592037,2.846,200,0,600,0,0,2000,0,0
hot-cold-access,training,representation_thresholds,SymTabV2,191,16,32,32,8,3,0,2000,2600,2000,59530,54683,384896,381864,0.144,0.58,0.831,0.195891,0.144,0.58,0,0,0.22,0.480618,2.188,200,0,600,0,0,2000,0,0
hot-cold-access,training,representation_thresholds,SymTabV2,192,16,999,32,8,3,0,2000,2600,2000,59530,54683,384912,381880,0.144,0.209,0.271,0.155486,0.144,0.209,0,0,0.229,0.545717,2.119,0,0,0,0,0,2000,0,0
hot-cold-access,training,representation_thresholds,SymTabV2,193,20,8,32,8,3,0,2000,2600,2000,28244,20346,266168,263136,0.145,0.651,0.948,0.332048,0.145,0.651,0,0,0.182,0.325123,2.495,200,0,600,0,0,2000,0,0
hot-cold-access,training,representation_thresholds,SymTabV2,194,20,12,32,8,3,0,2000,2600,2000,28244,20346,266120,263088,0.154,0.686,1.102,0.223943,0.154,0.686,0,0,0.191,0.343641,2.437,200,0,600,0,0,2000,0,0
hot-cold-access,training,representation_thresholds,SymTabV2,195,20,16,32,8,3,0,2000,2600,2000,28244,20346,266232,263200,0.144,0.632,1.145,0.212681,0.144,0.632,0,0,0.182,0.333992,2.571,200,0,600,0,0,2000,0,0
hot-cold-access,training,representation_thresholds,SymTabV2,196,20,24,32,8,3,0,2000,2600,2000,28244,20346,266120,263088,0.136,0.592,1.034,0.199212,0.136,0.592,0,0,0.168,0.326061,1.661,200,0,600,0,0,2000,0,0
hot-cold-access,training,representation_thresholds,SymTabV2,197,20,32,32,8,3,0,2000,2600,2000,28244,20346,266264,263232,0.149,0.693,1.055,0.218569,0.149,0.693,0,0,0.187,0.332578,2.402,200,0,600,0,0,2000,0,0
hot-cold-access,training,representation_thresholds,SymTabV2,198,20,999,32,8,3,0,2000,2600,2000,28244,20346,266104,263072,0.144,0.2,0.237,0.144338,0.144,0.2,0,0,0.184,0.347718,2.125,0,0,0,0,0,2000,0,0
hot-cold-access,training,tiering_policy,SymTabV2,199,12,14,32,8,1,0,2000,2600,2000,106486,100941,507328,504384,0.178,0.913,1.431,0.395145,0.178,0.913,0,0,0.577,0.630011,6.445,929,0,929,0,0,2000,0,0
hot-cold-access,training,tiering_policy,SymTabV2,200,12,14,32,8,1,20,2000,2600,2000,106486,100941,507424,504480,0.172,0.908,1.445,0.404025,0.172,0.908,0,0,0.545,0.638726,6.339,929,84,929,41,0.0441335,2000,0,0
hot-cold-access,training,tiering_policy,SymTabV2,201,12,14,32,8,1,100,2000,2600,2000,106486,100941,507504,504560,0.179,0.911,1.437,0.379267,0.179,0.911,0,0,0.561,0.648565,6.572,929,12,929,78,0.0839612,2000,0,0
hot-cold-access,training,tiering_policy,SymTabV2,202,12,14,32,8,2,0,2000,2600,2000,106486,100941,507600,504656,0.175,0.41,0.517,0.207342,0.175,0.41,0,0,0.545,0.644163,6.15,929,0,1858,0,0,2000,0,0
hot-cold-access,training,tiering_policy,SymTabV2,203,12,14,32,8,2,20,2000,2600,2000,106486,100941,507440,504496,0.173,0.442,0.551,0.228585,0.173,0.442,0,0,0.564,0.637118,5.978,929,84,1858,82,0.0441335,2000,0,0
hot-cold-access,training,tiering_policy,SymTabV2,204,12,14,32,8,2,100,2000,2600,2000,106486,100941,507536,504592,0.177,0.444,0.623,0.216048,0.177,0.444,0,0,0.57,0.64989,7.477,929,12,1858,156,0.0839612,2000,0,0
hot-cold-access,training,tiering_policy,SymTabV2,205,12,14,32,8,3,0,2000,2600,2000,106006,100941,377800,373912,0.2,0.867,1.185,0.700628,0.2,0.867,0,0,0.779,0.83684,6.092,200,0,2058,4710,2.28863,2000,0,0
hot-cold-access,training,tiering_policy,SymTabV2,206,12,14,32,8,3,20,2000,2600,2000,106006,100941,377928,374040,0.197,0.925,1.37,0.373269,0.197,0.925,0,0,0.758,0.837143,5.882,200,22,2058,4833,2.3484,2000,0,0
hot-cold-access,training,tiering_policy,SymTabV2,207,12,14,32,8,3,100,2000,2600,2000,106006,100941,377816,373928,0.202,0.935,1.273,0.378686,0.202,0.935,0,0,0.797,0.854058,5.579,200,12,2058,4944,2.40233,2000,0,0
hot-cold-access,training,tiering_policy,SymTabV2,208,12,14,32,8,5,0,2000,2600,2000,106006,100941,377608,373720,0.28,0.891,1.14,0.396984,0.28,0.891,0,0,0.788,1.47,5.866,200,0,2458,4710,1.91619,2000,0,0
hot-cold-access,training,tiering_policy,SymTabV2,209,12,14,32,8,5,20,2000,2600,2000,106006,100941,377784,373896,0.266,0.906,1.192,0.369309,0.266,0.906,0,0,0.756,0.836907,4.998,200,22,2458,4915,1.99959,2000,0,0
hot-cold-access,training,tiering_policy,SymTabV2,210,12,14,32,8,5,100,2000,2600,2000,106006,100941,377976,374088,0.245,0.856,1.307,0.358773,0.245,0.856,0,0,0.708,0.759088,6.413,200,12,2458,5100,2.07486,2000,0,0
hot-cold-access,training,tiering_policy,SymTabV2,211,12,14,32,8,10,0,2000,2600,2000,106006,100941,350520,346632,0.368,1.005,1.175,0.43636,0.368,1.005,0,0,0.795,0.887616,4.508,0,0,3058,10118,3.3087,2000,0,0
hot-cold-access,training,tiering_policy,SymTabV2,212,12,14,32,8,10,20,2000,2600,2000,106006,100941,350536,346648,0.348,0.932,1.057,0.449306,0.348,0.932,0,0,0.723,0.790901,5.168,0,0,3058,10118,3.3087,2000,0,0
hot-cold-access,training,tiering_policy,SymTabV2,213,12,14,32,8,10,100,2000,2600,2000,106006,100941,350408,346520,0.388,1.096,1.318,0.468345,0.388,1.096,0,0,0.813,0.909838,5.732,0,0,3058,10118,3.3087,2000,0,0
hot-cold-access,training,tiering_policy,SymTabV2,214,12,14,32,8,999,0,2000,2600,2000,106006,100941,350440,346552,0.381,1.087,1.252,0.478608,0.381,1.087,0,0,0.81,1.94783,7.141,0,0,3058,10118,3.3087,2000,0,0
hot-cold-access,training,tiering_policy,SymTabV2,215,12,14,32,8,999,20,2000,2600,2000,106006,100941,350600,346712,0.354,1.063,1.286,0.439501,0.354,1.063,0,0,0.675,0.794827,8.852,0,0,3058,10118,3.3087,2000,0,0
hot-cold-access,training,tiering_policy,SymTabV2,216,12,14,32,8,999,100,2000,2600,2000,106006,100941,350504,346616,0.365,0.993,1.185,0.432127,0.365,0.993,0,0,0.767,0.843576,6.233,0,0,3058,10118,3.3087,2000,0,0
nested-scopes,training,baseline,Conventional,0,12,14,32,8,3,0,2000,2000,2000,4030,0,188296,182992,0.104,0.192,0.286,0.110634,0.104,0.192,0,0,0.351,0.420399,7.32,0,0,0,0,0,0,0,0
nested-scopes,training,baseline,Interned,0,12,14,32,8,3,0,2000,2000,2000,3830,0,429072,425800,0.135,0.183,0.207,0.142332,0.135,0.183,0,0,0.506,0.654141,5.706,0,0,0,0,0,0,0,0
nested-scopes,training,block_x_anchor,SymTabV2,217,12,14,4,2,3,0,2000,2000,2000,160167,154424,415752,411680,0.338,0.579,0.735,0.341912,0.338,0.579,0,0,0.945,1.18006,6.938,0,0,2728,1342,0.491935,2000,0,0
nested-scopes,training,block_x_anchor,SymTabV2,218,12,14,4,4,3,0,2000,2000,2000,160102,154424,415992,412000,0.381,0.745,0.838,0.400429,0.381,0.745,0,0,0.931,1.13764,6.711,0,0,2728,3978,1.45821,2000,0,0
nested-scopes,training,block_x_anchor,SymTabV2,219,12,14,8,2,3,0,2000,2000,2000,160167,154424,415640,411520,0.227,0.437,0.54,0.239087,0.227,0.437,0,0,0.6,0.757243,4.839,0,0,2728,1342,0.491935,2000,0,0
nested-scopes,training,block_x_anchor,SymTabV2,220,12,14,8,4,3,0,2000,2000,2000,160102,154424,415544,411504,0.338,0.679,0.867,0.361654,0.338,0.679,0,0,0.842,1.21997,4.653,0,0,2728,3978,1.45821,2000,0,0
nested-scopes,training,block_x_anchor,SymTabV2,221,12,14,8,8,3,0,2000,2000,2000,160070,154424,415456,411536,0.436,0.92,1.093,0.44604,0.436,0.92,0,0,0.913,1.05764,5.322,0,0,2728,9082,3.32918,2000,0,0
nested-scopes,training,block_x_anchor,SymTabV2,222,12,14,16,2,3,0,2000,2000,2000,160167,154424,415368,411264,0.26,0.468,0.539,0.269003,0.26,0.468,0,0,0.703,0.862344,6.634,0,0,2728,1342,0.491935,2000,0,0
nested-scopes,training,block_x_anchor,SymTabV2,223,12,14,16,4,3,0,2000,2000,2000,160102,154424,415384,411360,0.344,0.652,0.737,0.352639,0.344,0.652,0,0,0.824,0.926478,4.62,0,0,2728,3978,1.45821,2000,0,0
nested-scopes,training,block_x_anchor,SymTabV2,224,12,14,16,8,3,0,2000,2000,2000,160070,154424,415136,411232,0.389,0.869,1.061,0.415376,0.389,0.869,0,0,0.783,0.901215,5.164,0,0,2728,9082,3.32918,2000,0,0
nested-scopes,training,block_x_anchor,SymTabV2,225,12,14,16,16,3,0,2000,2000,2000,160054,154424,415240,411376,0.557,1.36,1.676,0.616523,0.557,1.36,0,0,1.082,1.25316,5.262,0,0,2728,18810,6.89516,2000,0,0
nested-scopes,training,block_x_anchor,SymTabV2,226,12,14,32,2,3,0,2000,2000,2000,160167,154424,415776,411680,0.265,0.483,0.633,0.277368,0.265,0.483,0,0,0.763,0.974961,5.672,0,0,2728,1342,0.491935,2000,0,0
nested-scopes,training,block_x_anchor,SymTabV2,227,12,14,32,4,3,0,2000,2000,2000,160102,154424,415584,411568,0.347,0.643,0.753,0.361251,0.347,0.643,0,0,0.819,0.976903,6.64,0,0,2728,3978,1.45821,2000,0,0
nested-scopes,training,block_x_anchor,SymTabV2,228,12,14,32,8,3,0,2000,2000,2000,160070,154424,415480,411584,0.483,0.935,1.088,0.485197,0.483,0.935,0,0,1.072,1.51439,7.707,0,0,2728,9082,3.32918,2000,0,0
nested-scopes,training,block_x_anchor,SymTabV2,229,12,14,32,16,3,0,2000,2000,2000,160054,154424,415264,411408,0.57,1.403,1.548,0.640522,0.57,1.403,0,0,1.088,2.04094,5.332,0,0,2728,18810,6.89516,2000,0,0
nested-scopes,training,block_x_anchor,SymTabV2,230,12,14,32,32,3,0,2000,2000,2000,160046,154424,415472,411616,0.791,2.654,3.114,1.03667,0.791,2.654,0,0,1.342,1.7752,6.725,0,0,2728,38138,13.9802,2000,0,0
nested-scopes,training,block_x_anchor,SymTabV2,231,12,14,64,2,3,0,2000,2000,2000,160167,154424,415712,411616,0.262,0.466,0.561,0.268653,0.262,0.466,0,0,0.7,0.857191,5.466,0,0,2728,1342,0.491935,2000,0,0
nested-scopes,training,block_x_anchor,SymTabV2,232,12,14,64,4,3,0,2000,2000,2000,160102,154424,415504,411488,0.359,0.663,0.798,0.377846,0.359,0.663,0,0,0.84,1.14968,11.758,0,0,2728,3978,1.45821,2000,0,0
nested-scopes,training,block_x_anchor,SymTabV2,233,12,14,64,8,3,0,2000,2000,2000,160070,154424,415416,411520,0.421,0.917,1.102,0.446782,0.421,0.917,0,0,0.876,1.01443,5.499,0,0,2728,9082,3.32918,2000,0,0
nested-scopes,training,block_x_anchor,SymTabV2,234,12,14,64,16,3,0,2000,2000,2000,160054,154424,415424,411568,0.553,1.437,1.696,0.623919,0.553,1.437,0,0,1.05,1.20146,5.858,0,0,2728,18810,6.89516,2000,0,0
nested-scopes,training,block_x_anchor,SymTabV2,235,12,14,64,32,3,0,2000,2000,2000,160046,154424,415552,411696,0.769,2.523,2.916,0.992907,0.769,2.523,0,0,1.308,1.60108,4.888,0,0,2728,38138,13.9802,2000,0,0
nested-scopes,training,block_x_anchor,SymTabV2,236,12,14,128,2,3,0,2000,2000,2000,160167,154424,415696,411600,0.288,0.495,0.588,0.296272,0.288,0.495,0,0,0.783,0.973847,5.109,0,0,2728,1342,0.491935,2000,0,0
nested-scopes,training,block_x_anchor,SymTabV2,237,12,14,128,4,3,0,2000,2000,2000,160102,154424,415456,411440,0.353,0.66,0.755,0.362285,0.353,0.66,0,0,0.818,0.946182,4.824,0,0,2728,3978,1.45821,2000,0,0
nested-scopes,training,block_x_anchor,SymTabV2,238,12,14,128,8,3,0,2000,2000,2000,160070,154424,415400,411504,0.439,0.886,1.069,0.441335,0.439,0.886,0,0,0.9,1.06855,4.781,0,0,2728,9082,3.32918,2000,0,0
nested-scopes,training,block_x_anchor,SymTabV2,239,12,14,128,16,3,0,2000,2000,2000,160054,154424,415424,411568,0.581,1.468,1.699,0.649126,0.581,1.468,0,0,1.116,1.28239,5.485,0,0,2728,18810,6.89516,2000,0,0
nested-scopes,training,block_x_anchor,SymTabV2,240,12,14,128,32,3,0,2000,2000,2000,160046,154424,415568,411712,0.852,2.819,3.196,1.14176,0.852,2.819,0,0,1.56,1.89664,5.36,0,0,2728,38138,13.9802,2000,0,0
nested-scopes,training,representation_thresholds,SymTabV2,241,4,8,32,8,3,0,2000,2000,2000,164731,159744,343936,338384,0.587,0.937,1.174,0.594066,0.587,0.937,0,0,1.002,1.0925,4.96,0,0,4000,13520,3.38,2000,0,0
nested-scopes,training,representation_thresholds,SymTabV2,242,4,12,32,8,3,0,2000,2000,2000,164731,159744,353384,347832,0.569,0.902,1.015,0.564612,0.569,0.902,0,0,0.989,1.0868,7.226,0,0,3860,13052,3.38135,2000,0,0
nested-scopes,training,representation_thresholds,SymTabV2,243,4,16,32,8,3,0,2000,2000,2000,165915,159744,502264,498424,0.197,0.94,1.077,0.357383,0.197,0.94,0,0,0.974,1.23836,6.12,0,0,1572,5094,3.24046,2000,0,0
nested-scopes,training,representation_thresholds,SymTabV2,244,4,24,32,8,3,0,2000,2000,2000,166575,159744,582736,580456,0.146,0.224,0.274,0.155593,0.146,0.224,0,0,0.8,0.987614,1.258,0,0,0,0,0,2000,0,0
nested-scopes,training,representation_thresholds,SymTabV2,245,4,32,32,8,3,0,2000,2000,2000,166575,159744,582576,580296,0.137,0.21,0.263,0.150232,0.137,0.21,0,0,0.716,0.890377,2.4,0,0,0,0,0,2000,0,0
nested-scopes,training,representation_thresholds,SymTabV2,246,4,999,32,8,3,0,2000,2000,2000,166575,159744,582672,580392,0.137,0.212,0.276,0.147038,0.137,0.212,0,0,0.74,0.927882,2.015,0,0,0,0,0,2000,0,0
nested-scopes,training,representation_thresholds,SymTabV2,247,8,8,32,8,3,0,2000,2000,2000,164731,159744,343568,338016,0.621,0.947,1.087,0.631055,0.621,0.947,0,0,1.057,1.16676,6.626,0,0,4000,13520,3.38,2000,0,0
nested-scopes,training,representation_thresholds,SymTabV2,248,8,12,32,8,3,0,2000,2000,2000,164731,159744,353368,347816,0.638,1.024,1.184,0.642307,0.638,1.024,0,0,1.107,1.21173,7.254,0,0,3860,13052,3.38135,2000,0,0
nested-scopes,training,representation_thresholds,SymTabV2,249,8,16,32,8,3,0,2000,2000,2000,165915,159744,502488,498648,0.187,0.969,1.183,0.372444,0.187,0.969,0,0,0.911,1.12363,6.246,0,0,1572,5094,3.24046,2000,0,0
nested-scopes,training,representation_thresholds,SymTabV2,250,8,24,32,8,3,0,2000,2000,2000,166575,159744,582720,580440,0.133,0.206,0.269,0.14288,0.133,0.206,0,0,0.69,0.867924,1.946,0,0,0,0,0,2000,0,0
nested-scopes,training,representation_thresholds,SymTabV2,251,8,32,32,8,3,0,2000,2000,2000,166575,159744,582688,580408,0.15,0.209,0.257,0.161116,0.15,0.209,0,0,0.786,0.959394,2.365,0,0,0,0,0,2000,0,0
nested-scopes,training,representation_thresholds,SymTabV2,252,8,999,32,8,3,0,2000,2000,2000,166575,159744,582672,580392,0.153,0.22,0.278,0.16387,0.153,0.22,0,0,0.848,1.05397,1.618,0,0,0,0,0,2000,0,0
nested-scopes,training,representation_thresholds,SymTabV2,253,12,8,32,8,3,0,2000,2000,2000,159411,154424,339792,334240,0.638,1.01,1.176,0.639716,0.638,1.01,0,0,1.1,1.22799,4.767,0,0,3860,13052,3.38135,2000,0,0
nested-scopes,training,representation_thresholds,SymTabV2,254,12,12,32,8,3,0,2000,2000,2000,159411,154424,339856,334304,0.563,0.935,1.077,0.557947,0.563,0.935,0,0,0.934,1.03187,6.297,0,0,3860,13052,3.38135,2000,0,0
nested-scopes,training,representation_thresholds,SymTabV2,255,12,16,32,8,3,0,2000,2000,2000,160595,154424,494328,490488,0.18,0.913,1.152,0.339836,0.18,0.913,0,0,0.834,1.06176,6.197,0,0,1572,5094,3.24046,2000,0,0
nested-scopes,training,representation_thresholds,SymTabV2,256,12,24,32,8,3,0,2000,2000,2000,161255,154424,574976,572696,0.133,0.206,0.259,0.141752,0.133,0.206,0,0,0.709,0.900981,2.977,0,0,0,0,0,2000,0,0
nested-scopes,training,representation_thresholds,SymTabV2,257,12,32,32,8,3,0,2000,2000,2000,161255,154424,574784,572504,0.141,0.217,0.274,0.149261,0.141,0.217,0,0,0.733,0.92353,2.242,0,0,0,0,0,2000,0,0
nested-scopes,training,representation_thresholds,SymTabV2,258,12,999,32,8,3,0,2000,2000,2000,161255,154424,574816,572536,0.145,0.23,0.288,0.168248,0.145,0.23,0,0,0.78,0.984556,2.828,0,0,0,0,0,2000,0,0
nested-scopes,training,representation_thresholds,SymTabV2,259,16,8,32,8,3,0,2000,2000,2000,69321,64632,263792,259728,0.164,0.896,1.089,0.33278,0.164,0.896,0,0,0.286,0.669147,4.185,0,0,1572,5094,3.24046,2000,0,0
nested-scopes,training,representation_thresholds,SymTabV2,260,16,12,32,8,3,0,2000,2000,2000,69321,64632,264032,259984,0.181,1.015,1.22,0.39485,0.181,1.015,0,0,0.323,0.771398,5.614,0,0,1572,5094,3.24046,2000,0,0
nested-scopes,training,representation_thresholds,SymTabV2,261,16,16,32,8,3,0,2000,2000,2000,69321,64632,264192,260160,0.177,0.956,1.087,0.36479,0.177,0.956,0,0,0.3,0.701984,5.452,0,0,1572,5094,3.24046,2000,0,0
nested-scopes,training,representation_thresholds,SymTabV2,262,16,24,32,8,3,0,2000,2000,2000,69981,64632,390144,387528,0.141,0.217,0.28,0.149806,0.141,0.217,0,0,0.296,0.612141,2.115,0,0,0,0,0,2000,0,0
nested-scopes,training,representation_thresholds,SymTabV2,263,16,32,32,8,3,0,2000,2000,2000,69981,64632,390144,387528,0.13,0.196,0.234,0.137426,0.13,0.196,0,0,0.287,0.69753,2.863,0,0,0,0,0,2000,0,0
nested-scopes,training,representation_thresholds,SymTabV2,264,16,999,32,8,3,0,2000,2000,2000,69981,64632,390128,387512,0.136,0.221,0.278,0.163162,0.136,0.221,0,0,0.299,0.641622,3.154,0,0,0,0,0,2000,0,0
nested-scopes,training,representation_thresholds,SymTabV2,265,20,8,32,8,3,0,2000,2000,2000,4704,256,190784,187800,0.125,0.192,0.233,0.13296,0.125,0.192,0,0,0.17,0.254935,4.594,0,0,0,0,0,2000,0,0
nested-scopes,training,representation_thresholds,SymTabV2,266,20,12,32,8,3,0,2000,2000,2000,4704,256,190784,187800,0.134,0.199,0.245,0.144761,0.134,0.199,0,0,0.19,0.283664,3.379,0,0,0,0,0,2000,0,0
nested-scopes,training,representation_thresholds,SymTabV2,267,20,16,32,8,3,0,2000,2000,2000,4704,256,190928,187944,0.12,0.186,0.24,0.12909,0.12,0.186,0,0,0.165,0.250177,2.917,0,0,0,0,0,2000,0,0
nested-scopes,training,representation_thresholds,SymTabV2,268,20,24,32,8,3,0,2000,2000,2000,4704,256,190704,187752,0.126,0.208,0.278,0.137285,0.126,0.208,0,0,0.181,0.268456,1.99,0,0,0,0,0,2000,0,0
nested-scopes,training,representation_thresholds,SymTabV2,269,20,32,32,8,3,0,2000,2000,2000,4704,256,190704,187752,0.112,0.173,0.222,0.120859,0.112,0.173,0,0,0.153,0.220771,1.623,0,0,0,0,0,2000,0,0
nested-scopes,training,representation_thresholds,SymTabV2,270,20,999,32,8,3,0,2000,2000,2000,4704,256,190848,187864,0.118,0.178,0.219,0.128,0.118,0.178,0,0,0.17,0.273724,1.551,0,0,0,0,0,2000,0,0
nested-scopes,training,tiering_policy,SymTabV2,271,12,14,32,8,1,0,2000,2000,2000,161255,154424,574944,572624,0.5,0.934,1.425,0.536557,0.5,0.934,0,0,0.636,0.802842,5.651,1364,0,1364,0,0,2000,0,0
nested-scopes,training,tiering_policy,SymTabV2,272,12,14,32,8,1,20,2000,2000,2000,161255,154424,576968,572608,0.486,0.879,1.329,0.48479,0.486,0.879,0,0,0.6,0.722022,5.958,1364,100,1364,0,0,2000,0,0
nested-scopes,training,tiering_policy,SymTabV2,273,12,14,32,8,1,100,2000,2000,2000,161255,154424,574880,572560,0.579,1.023,1.511,0.569666,0.579,1.023,0,0,0.703,0.829531,5.683,1364,0,1364,0,0,2000,0,0
nested-scopes,training,tiering_policy,SymTabV2,274,12,14,32,8,2,0,2000,2000,2000,161255,154424,574944,572624,0.205,0.358,0.452,0.220892,0.205,0.358,0,0,0.618,0.760234,7.914,1364,0,2728,0,0,2000,0,0
nested-scopes,training,tiering_policy,SymTabV2,275,12,14,32,8,2,20,2000,2000,2000,161255,154424,576904,572544,0.216,0.413,0.542,0.2395,0.216,0.413,0,0,0.67,0.811565,4.978,1364,100,2728,0,0,2000,0,0
nested-scopes,training,tiering_policy,SymTabV2,276,12,14,32,8,2,100,2000,2000,2000,161255,154424,574912,572592,0.196,0.355,0.472,0.2131,0.196,0.355,0,0,0.603,0.735093,6.857,1364,0,2728,0,0,2000,0,0
nested-scopes,training,tiering_policy,SymTabV2,277,12,14,32,8,3,0,2000,2000,2000,160070,154424,415576,411680,0.492,1.016,1.226,0.497879,0.492,1.016,0,0,1.022,1.16981,5.591,0,0,2728,9082,3.32918,2000,0,0
nested-scopes,training,tiering_policy,SymTabV2,278,12,14,32,8,3,20,2000,2000,2000,160070,154424,415624,411728,0.532,1.041,1.159,0.527506,0.532,1.041,0,0,1.093,1.24211,5.618,0,0,2728,9082,3.32918,2000,0,0
nested-scopes,training,tiering_policy,SymTabV2,279,12,14,32,8,3,100,2000,2000,2000,160070,154424,415592,411696,0.5,1.012,1.232,0.508135,0.5,1.012,0,0,1.083,1.25168,6.212,0,0,2728,9082,3.32918,2000,0,0
nested-scopes,training,tiering_policy,SymTabV2,280,12,14,32,8,5,0,2000,2000,2000,160070,154424,415464,411568,0.479,0.971,1.152,0.519095,0.479,0.971,0,0,1.019,1.19336,7.119,0,0,2728,9082,3.32918,2000,0,0
nested-scopes,training,tiering_policy,SymTabV2,281,12,14,32,8,5,20,2000,2000,2000,160070,154424,415544,411648,0.453,0.93,1.075,0.485762,0.453,0.93,0,0,0.921,1.04556,7.111,0,0,2728,9082,3.32918,2000,0,0
nested-scopes,training,tiering_policy,SymTabV2,282,12,14,32,8,5,100,2000,2000,2000,160070,154424,415480,411584,0.435,0.898,1.106,0.443469,0.435,0.898,0,0,0.897,1.12394,6.451,0,0,2728,9082,3.32918,2000,0,0
nested-scopes,training,tiering_policy,SymTabV2,283,12,14,32,8,10,0,2000,2000,2000,160070,154424,415432,411536,0.491,1.025,1.205,0.505578,0.491,1.025,0,0,1.038,1.18826,5.834,0,0,2728,9082,3.32918,2000,0,0
nested-scopes,training,tiering_policy,SymTabV2,284,12,14,32,8,10,20,2000,2000,2000,160070,154424,415480,411584,0.463,0.95,1.106,0.478288,0.463,0.95,0,0,0.968,1.11672,6.109,0,0,2728,9082,3.32918,2000,0,0
nested-scopes,training,tiering_policy,SymTabV2,285,12,14,32,8,10,100,2000,2000,2000,160070,154424,415432,411536,0.555,1.183,1.38,0.575258,0.555,1.183,0,0,1.223,2.19441,6.217,0,0,2728,9082,3.32918,2000,0,0
nested-scopes,training,tiering_policy,SymTabV2,286,12,14,32,8,999,0,2000,2000,2000,160070,154424,415544,411648,0.454,1.003,1.337,0.476705,0.454,1.003,0,0,0.924,1.10566,6.466,0,0,2728,9082,3.32918,2000,0,0
nested-scopes,training,tiering_policy,SymTabV2,287,12,14,32,8,999,20,2000,2000,2000,160070,154424,415496,411600,0.521,1.142,1.406,0.572436,0.521,1.142,0,0,1.146,1.38285,8.858,0,0,2728,9082,3.32918,2000,0,0
nested-scopes,training,tiering_policy,SymTabV2,288,12,14,32,8,999,100,2000,2000,2000,160070,154424,415384,411488,0.599,1.263,1.428,0.623938,0.599,1.263,0,0,1.32,1.54793,7.834,0,0,2728,9082,3.32918,2000,0,0
random-long,training,baseline,Conventional,0,12,14,32,8,3,0,2000,2000,2000,4814,0,247288,240528,0.153,0.223,0.288,0.148198,0.153,0.223,0,0,0.524,0.603289,7.805,0,0,0,0,0,0,0,0
random-long,training,baseline,Interned,0,12,14,32,8,3,0,2000,2000,2000,4614,0,600496,597224,0.112,0.164,0.228,0.126134,0.112,0.164,0,0,0.488,0.582228,3.779,0,0,0,0,0,0,0,0
random-long,training,block_x_anchor,SymTabV2,289,12,14,4,2,3,0,2000,2000,2000,196266,190119,457264,450808,0.451,0.663,0.785,0.467683,0.451,0.663,0,0,0.971,1.09597,7.106,0,0,4000,2000,0.5,2000,0,0
random-long,training,block_x_anchor,SymTabV2,290,12,14,4,4,3,0,2000,2000,2000,196266,190119,456896,450472,0.598,0.895,1.024,0.619641,0.598,0.895,0,0,1.172,1.28913,7.441,0,0,4000,5840,1.46,2000,0,0
random-long,training,block_x_anchor,SymTabV2,291,12,14,8,2,3,0,2000,2000,2000,196266,190119,456560,450152,0.458,0.694,0.857,0.485738,0.458,0.694,0,0,1.001,1.12393,6.262,0,0,4000,2000,0.5,2000,0,0
random-long,training,block_x_anchor,SymTabV2,292,12,14,8,4,3,0,2000,2000,2000,196266,190119,456528,450152,0.566,0.847,0.995,0.598517,0.566,0.847,0,0,1.074,1.2234,6.505,0,0,4000,5840,1.46,2000,0,0
random-long,training,block_x_anchor,SymTabV2,293,12,14,8,8,3,0,2000,2000,2000,196266,190119,456384,450024,0.751,1.21,1.375,0.775246,0.751,1.21,0,0,1.291,1.43067,6.46,0,0,4000,13520,3.38,2000,0,0
random-long,training,block_x_anchor,SymTabV2,294,12,14,16,2,3,0,2000,2000,2000,196266,190119,456264,449880,0.446,0.698,0.898,0.487358,0.446,0.698,0,0,0.937,1.13531,8.197,0,0,4000,2000,0.5,2000,0,0
random-long,training,block_x_anchor,SymTabV2,295,12,14,16,4,3,0,2000,2000,2000,196266,190119,456168,449816,0.493,0.74,0.905,0.5138,0.493,0.74,0,0,0.882,0.993088,6.202,0,0,4000,5840,1.46,2000,0,0
random-long,training,block_x_anchor,SymTabV2,296,12,14,16,8,3,0,2000,2000,2000,196266,190119,456248,449912,0.763,1.192,1.381,0.784975,0.763,1.192,0,0,1.291,1.50655,7.083,0,0,4000,13520,3.38,2000,0,0
random-long,training,block_x_anchor,SymTabV2,297,12,14,16,16,3,0,2000,2000,2000,196266,190119,456168,449848,1.03,1.809,2.098,1.07417,1.03,1.809,0,0,1.587,1.74437,6.655,0,0,4000,28880,7.22,2000,0,0
random-long,training,block_x_anchor,SymTabV2,298,12,14,32,2,3,0,2000,2000,2000,196266,190119,457576,450296,0.406,0.619,0.799,0.420623,0.406,0.619,0,0,0.8,0.923634,4.447,0,0,4000,2000,0.5,2000,0,0
random-long,training,block_x_anchor,SymTabV2,299,12,14,32,4,3,0,2000,2000,2000,196266,190119,457656,450408,0.677,0.951,1.1,0.701284,0.677,0.951,0,0,1.249,1.40496,6.141,0,0,4000,5840,1.46,2000,0,0
random-long,training,block_x_anchor,SymTabV2,300,12,14,32,8,3,0,2000,2000,2000,196266,190119,457432,450200,0.882,1.324,1.458,0.896158,0.882,1.324,0,0,1.444,1.57045,6.068,0,0,4000,13520,3.38,2000,0,0
random-long,training,block_x_anchor,SymTabV2,301,12,14,32,16,3,0,2000,2000,2000,196266,190119,457528,450312,1.25,2.06,2.31,1.58397,1.25,2.06,0,0,1.892,2.04354,6.519,0,0,4000,28880,7.22,2000,0,0
random-long,training,block_x_anchor,SymTabV2,302,12,14,32,32,3,0,2000,2000,2000,196266,190119,457384,450184,1.762,3.695,4.06,1.92758,1.762,3.695,0,0,2.48,2.71753,6.712,0,0,4000,51920,12.98,2000,0,0
random-long,training,block_x_anchor,SymTabV2,303,12,14,64,2,3,0,2000,2000,2000,196266,190119,457104,450184,0.542,0.757,0.921,0.566333,0.542,0.757,0,0,1.078,1.23979,5.074,0,0,4000,2000,0.5,2000,0,0
random-long,training,block_x_anchor,SymTabV2,304,12,14,64,4,3,0,2000,2000,2000,196266,190119,456976,450088,0.677,0.947,1.123,0.698065,0.677,0.947,0,0,1.232,1.371,6.474,0,0,4000,5840,1.46,2000,0,0
random-long,training,block_x_anchor,SymTabV2,305,12,14,64,8,3,0,2000,2000,2000,196266,190119,456816,449944,0.869,1.273,1.424,0.877357,0.869,1.273,0,0,1.461,1.59403,5.919,0,0,4000,13520,3.38,2000,0,0
random-long,training,block_x_anchor,SymTabV2,306,12,14,64,16,3,0,2000,2000,2000,196266,190119,456640,449784,1.15,2.073,2.431,1.24353,1.15,2.073,0,0,1.791,2.27874,5.804,0,0,4000,28880,7.22,2000,0,0
random-long,training,block_x_anchor,SymTabV2,307,12,14,64,32,3,0,2000,2000,2000,196266,190119,456752,449880,1.475,3.162,3.428,1.64565,1.475,3.162,0,0,2.171,2.39598,5.941,0,0,4000,51920,12.98,2000,0,0
random-long,training,block_x_anchor,SymTabV2,308,12,14,128,2,3,0,2000,2000,2000,196266,190119,457104,450184,0.52,0.724,0.932,0.548123,0.52,0.724,0,0,1.027,1.1921,6.111,0,0,4000,2000,0.5,2000,0,0
random-long,training,block_x_anchor,SymTabV2,309,12,14,128,4,3,0,2000,2000,2000,196266,190119,456896,450008,0.631,0.889,1.144,0.648305,0.631,0.889,0,0,1.165,1.28657,5.975,0,0,4000,5840,1.46,2000,0,0
random-long,training,block_x_anchor,SymTabV2,310,12,14,128,8,3,0,2000,2000,2000,196266,190119,456704,449832,0.827,1.229,1.476,0.848812,0.827,1.229,0,0,1.387,1.50863,5.721,0,0,4000,13520,3.38,2000,0,0
random-long,training,block_x_anchor,SymTabV2,311,12,14,128,16,3,0,2000,2000,2000,196266,190119,456736,449880,1.052,1.856,2.171,1.10958,1.052,1.856,0,0,1.64,1.79672,6.325,0,0,4000,28880,7.22,2000,0,0
random-long,training,block_x_anchor,SymTabV2,312,12,14,128,32,3,0,2000,2000,2000,196266,190119,456720,449848,1.391,2.81,3.392,1.52891,1.391,2.81,0,0,1.994,2.20831,6.363,0,0,4000,51920,12.98,2000,0,0
random-long,training,representation_thresholds,SymTabV2,313,4,8,32,8,3,0,2000,2000,2000,196266,190119,457560,450368,0.75,1.146,1.453,0.779745,0.75,1.146,0,0,1.3,1.45474,6.351,0,0,4000,13520,3.38,2000,0,0
random-long,training,representation_thresholds,SymTabV2,314,4,12,32,8,3,0,2000,2000,2000,196266,190119,457752,450560,0.712,1.198,1.467,0.760491,0.712,1.198,0,0,1.162,1.30154,5.244,0,0,4000,13520,3.38,2000,0,0
random-long,training,representation_thresholds,SymTabV2,315,4,16,32,8,3,0,2000,2000,2000,196266,190119,457464,450272,0.684,1.123,1.357,0.707276,0.684,1.123,0,0,1.134,1.27493,4.559,0,0,4000,13520,3.38,2000,0,0
random-long,training,representation_thresholds,SymTabV2,316,4,24,32,8,3,0,2000,2000,2000,196566,190119,520872,515232,0.618,1.121,1.383,0.619759,0.618,1.121,0,0,1.059,1.19298,2.412,0,0,3198,10808,3.37961,2000,0,0
random-long,training,representation_thresholds,SymTabV2,317,4,32,32,8,3,0,2000,2000,2000,196956,190119,692592,687896,0.232,1.057,1.3,0.455761,0.232,1.057,0,0,1.266,1.51482,1.454,0,0,1684,5482,3.25534,2000,0,0
random-long,training,representation_thresholds,SymTabV2,318,4,999,32,8,3,0,2000,2000,2000,197766,190119,807136,804856,0.176,0.244,0.287,0.179544,0.176,0.244,0,0,0.798,0.954121,1.163,0,0,0,0,0,2000,0,0
random-long,training,representation_thresholds,SymTabV2,319,8,8,32,8,3,0,2000,2000,2000,196266,190119,457592,450400,0.677,1.094,1.324,0.699769,0.677,1.094,0,0,1.125,1.24405,6.253,0,0,4000,13520,3.38,2000,0,0
random-long,training,representation_thresholds,SymTabV2,320,8,12,32,8,3,0,2000,2000,2000,196266,190119,457528,450336,0.717,1.118,1.304,0.736335,0.717,1.118,0,0,1.24,1.37495,6.498,0,0,4000,13520,3.38,2000,0,0
random-long,training,representation_thresholds,SymTabV2,321,8,16,32,8,3,0,2000,2000,2000,196266,190119,457464,450272,0.724,1.112,1.348,0.741097,0.724,1.112,0,0,1.221,1.34944,5.756,0,0,4000,13520,3.38,2000,0,0
random-long,training,representation_thresholds,SymTabV2,322,8,24,32,8,3,0,2000,2000,2000,196566,190119,520904,515264,0.76,1.244,1.44,0.737048,0.76,1.244,0,0,1.348,1.47344,2.266,0,0,3198,10808,3.37961,2000,0,0
random-long,training,representation_thresholds,SymTabV2,323,8,32,32,8,3,0,2000,2000,2000,196956,190119,692592,687896,0.233,1.106,1.253,0.462045,0.233,1.106,0,0,1.25,1.45542,2.475,0,0,1684,5482,3.25534,2000,0,0
random-long,training,representation_thresholds,SymTabV2,324,8,999,32,8,3,0,2000,2000,2000,197766,190119,807120,804840,0.192,0.27,0.329,0.197872,0.192,0.27,0,0,1.003,1.23509,1.713,0,0,0,0,0,2000,0,0
random-long,training,representation_thresholds,SymTabV2,325,12,8,32,8,3,0,2000,2000,2000,196266,190119,457496,450304,0.912,1.341,1.513,0.941044,0.912,1.341,0,0,1.55,1.72226,6.74,0,0,4000,13520,3.38,2000,0,0
random-long,training,representation_thresholds,SymTabV2,326,12,12,32,8,3,0,2000,2000,2000,196266,190119,457576,450384,0.927,1.367,1.495,0.931049,0.927,1.367,0,0,1.539,1.68213,6.931,0,0,4000,13520,3.38,2000,0,0
random-long,training,representation_thresholds,SymTabV2,327,12,16,32,8,3,0,2000,2000,2000,196266,190119,457496,450304,0.908,1.342,1.58,0.938476,0.908,1.342,0,0,1.511,1.71239,6.272,0,0,4000,13520,3.38,2000,0,0
random-long,training,representation_thresholds,SymTabV2,328,12,24,32,8,3,0,2000,2000,2000,196566,190119,520872,515232,0.786,1.283,1.452,0.769911,0.786,1.283,0,0,1.439,1.57814,3.259,0,0,3198,10808,3.37961,2000,0,0
random-long,training,representation_thresholds,SymTabV2,329,12,32,32,8,3,0,2000,2000,2000,196956,190119,692480,687784,0.287,1.216,1.386,0.5547,0.287,1.216,0,0,1.406,1.64105,2.849,0,0,1684,5482,3.25534,2000,0,0
random-long,training,representation_thresholds,SymTabV2,330,12,999,32,8,3,0,2000,2000,2000,197766,190119,807136,804856,0.264,0.331,0.362,0.269718,0.264,0.331,0,0,1.263,1.50101,3.022,0,0,0,0,0,2000,0,0
random-long,training,representation_thresholds,SymTabV2,331,16,8,32,8,3,0,2000,2000,2000,196266,190119,457480,450288,0.849,1.354,1.871,1.53879,0.849,1.354,0,0,1.499,1.9142,4.702,0,0,4000,13520,3.38,2000,0,0
random-long,training,representation_thresholds,SymTabV2,332,16,12,32,8,3,0,2000,2000,2000,196266,190119,457368,450176,0.811,1.312,1.654,0.925196,0.811,1.312,0,0,1.433,1.67424,6.111,0,0,4000,13520,3.38,2000,0,0
random-long,training,representation_thresholds,SymTabV2,333,16,16,32,8,3,0,2000,2000,2000,196266,190119,457496,450304,0.789,1.237,1.567,0.869784,0.789,1.237,0,0,1.35,1.628,3.941,0,0,4000,13520,3.38,2000,0,0
random-long,training,representation_thresholds,SymTabV2,334,16,24,32,8,3,0,2000,2000,2000,196566,190119,520888,515248,0.749,1.324,1.622,0.748591,0.749,1.324,0,0,1.424,1.62813,3.027,0,0,3198,10808,3.37961,2000,0,0
random-long,training,representation_thresholds,SymTabV2,335,16,32,32,8,3,0,2000,2000,2000,196956,190119,692784,688088,0.272,1.232,1.464,0.493448,0.272,1.232,0,0,1.346,1.60318,2.634,0,0,1684,5482,3.25534,2000,0,0
random-long,training,representation_thresholds,SymTabV2,336,16,999,32,8,3,0,2000,2000,2000,197766,190119,807040,804760,0.182,0.257,0.317,0.187682,0.182,0.257,0,0,0.89,1.06197,2.841,0,0,0,0,0,2000,0,0
random-long,training,representation_thresholds,SymTabV2,337,20,8,32,8,3,0,2000,2000,2000,196266,190119,457464,450272,0.75,1.212,1.409,0.824544,0.75,1.212,0,0,1.267,1.39406,2.431,0,0,4000,13520,3.38,2000,0,0
random-long,training,representation_thresholds,SymTabV2,338,20,12,32,8,3,0,2000,2000,2000,196266,190119,457496,450304,0.733,1.207,1.488,0.763334,0.733,1.207,0,0,1.208,1.34281,2.657,0,0,4000,13520,3.38,2000,0,0
random-long,training,representation_thresholds,SymTabV2,339,20,16,32,8,3,0,2000,2000,2000,196266,190119,457512,450320,0.779,1.218,1.485,0.872337,0.779,1.218,0,0,1.319,1.45529,1.603,0,0,4000,13520,3.38,2000,0,0
random-long,training,representation_thresholds,SymTabV2,340,20,24,32,8,3,0,2000,2000,2000,196566,190119,521016,515376,0.645,1.13,1.37,0.631953,0.645,1.13,0,0,1.157,1.29022,1.71,0,0,3198,10808,3.37961,2000,0,0
random-long,training,representation_thresholds,SymTabV2,341,20,32,32,8,3,0,2000,2000,2000,196956,190119,692448,687752,0.224,1.049,1.244,0.449605,0.224,1.049,0,0,1.224,1.46513,1.802,0,0,1684,5482,3.25534,2000,0,0
random-long,training,representation_thresholds,SymTabV2,342,20,999,32,8,3,0,2000,2000,2000,197766,190119,807248,804968,0.193,0.274,0.322,0.198426,0.193,0.274,0,0,1.055,1.34097,1.689,0,0,0,0,0,2000,0,0
random-long,training,tiering_policy,SymTabV2,343,12,14,32,8,1,0,2000,2000,2000,197766,190119,806960,804640,0.764,1.149,1.797,0.833564,0.764,1.149,0,0,0.819,0.927188,7.58,2000,0,2000,0,0,2000,0,0
random-long,training,tiering_policy,SymTabV2,344,12,14,32,8,1,20,2000,2000,2000,197766,190119,810232,804688,0.897,1.469,2.224,1.02413,0.897,1.469,0,0,0.948,1.11275,6.964,2000,160,2000,0,0,2000,0,0
random-long,training,tiering_policy,SymTabV2,345,12,14,32,8,1,100,2000,2000,2000,197766,190119,806896,804576,0.871,1.247,1.74,0.961477,0.871,1.247,0,0,0.925,1.05153,7.13,2000,0,2000,0,0,2000,0,0
random-long,training,tiering_policy,SymTabV2,346,12,14,32,8,2,0,2000,2000,2000,197766,190119,806912,804592,0.408,0.56,0.701,0.417412,0.408,0.56,0,0,0.934,1.1014,7.305,2000,0,4000,0,0,2000,0,0
random-long,training,tiering_policy,SymTabV2,347,12,14,32,8,2,20,2000,2000,2000,197766,190119,810184,804640,0.396,0.549,0.707,0.412147,0.396,0.549,0,0,0.919,1.09552,5.941,2000,160,4000,0,0,2000,0,0
random-long,training,tiering_policy,SymTabV2,348,12,14,32,8,2,100,2000,2000,2000,197766,190119,806912,804592,0.398,0.556,0.756,0.41063,0.398,0.556,0,0,0.928,1.05902,6.648,2000,0,4000,0,0,2000,0,0
random-long,training,tiering_policy,SymTabV2,349,12,14,32,8,3,0,2000,2000,2000,196266,190119,457608,450376,0.696,1.146,1.463,0.717384,0.696,1.146,0,0,1.101,1.23197,4.919,0,0,4000,13520,3.38,2000,0,0
random-long,training,tiering_policy,SymTabV2,350,12,14,32,8,3,20,2000,2000,2000,196266,190119,457400,450168,0.761,1.266,1.431,0.839276,0.761,1.266,0,0,1.302,1.43631,6.953,0,0,4000,13520,3.38,2000,0,0
random-long,training,tiering_policy,SymTabV2,351,12,14,32,8,3,100,2000,2000,2000,196266,190119,457416,450184,0.908,1.348,1.51,0.914455,0.908,1.348,0,0,1.53,1.69348,5.947,0,0,4000,13520,3.38,2000,0,0
random-long,training,tiering_policy,SymTabV2,352,12,14,32,8,5,0,2000,2000,2000,196266,190119,457448,450216,0.895,1.319,1.496,0.930887,0.895,1.319,0,0,1.487,1.6549,5.668,0,0,4000,13520,3.38,2000,0,0
random-long,training,tiering_policy,SymTabV2,353,12,14,32,8,5,20,2000,2000,2000,196266,190119,457576,450344,0.678,1.098,1.292,0.691478,0.678,1.098,0,0,1.076,1.20087,8.097,0,0,4000,13520,3.38,2000,0,0
random-long,training,tiering_policy,SymTabV2,354,12,14,32,8,5,100,2000,2000,2000,196266,190119,457352,450120,0.825,1.24,1.608,0.851668,0.825,1.24,0,0,1.396,1.55483,5.375,0,0,4000,13520,3.38,2000,0,0
random-long,training,tiering_policy,SymTabV2,355,12,14,32,8,10,0,2000,2000,2000,196266,190119,457544,450312,0.745,1.195,1.379,0.761918,0.745,1.195,0,0,1.26,1.37738,6.034,0,0,4000,13520,3.38,2000,0,0
random-long,training,tiering_policy,SymTabV2,356,12,14,32,8,10,20,2000,2000,2000,196266,190119,457400,450168,0.825,1.212,1.382,0.858757,0.825,1.212,0,0,1.38,1.48426,5.975,0,0,4000,13520,3.38,2000,0,0
random-long,training,tiering_policy,SymTabV2,357,12,14,32,8,10,100,2000,2000,2000,196266,190119,457448,450216,0.766,1.202,1.429,0.791966,0.766,1.202,0,0,1.313,1.61513,5.124,0,0,4000,13520,3.38,2000,0,0
random-long,training,tiering_policy,SymTabV2,358,12,14,32,8,999,0,2000,2000,2000,196266,190119,457528,450296,0.746,1.166,1.441,0.761724,0.746,1.166,0,0,1.251,1.35125,4.837,0,0,4000,13520,3.38,2000,0,0
random-long,training,tiering_policy,SymTabV2,359,12,14,32,8,999,20,2000,2000,2000,196266,190119,457480,450248,0.718,1.184,1.461,0.749347,0.718,1.184,0,0,1.189,1.3177,5.008,0,0,4000,13520,3.38,2000,0,0
random-long,training,tiering_policy,SymTabV2,360,12,14,32,8,999,100,2000,2000,2000,196266,190119,457592,450360,0.771,1.237,1.444,0.80734,0.771,1.237,0,0,1.29,1.43663,6.01,0,0,4000,13520,3.38,2000,0,0
FreeRTOS,held_out,baseline,Conventional,0,12,14,32,8,3,0,8506,12033,2641,217305,215065,892640,827096,0.208,0.528,0.801,0.244105,0.208,0.528,0,0,0.314,0.362314,10.767,0,0,0,0,0,0,0,0
FreeRTOS,held_out,baseline,Interned,0,12,14,32,8,3,0,8506,12033,2641,192276,191387,1217520,1151976,0.19,0.369,0.527,0.211953,0.19,0.369,0,0,0.397,0.50486,3.911,0,0,0,0,0,0,0,0
FreeRTOS,held_out,block_x_anchor,SymTabV2,361,12,14,4,2,3,0,8506,12033,2641,501826,501522,1514016,1459768,0.186,0.782,1.56,0.276345,0.186,0.782,0,0,0.726,0.831618,6.456,445,0,1972,925,0.469067,655,1539,447
FreeRTOS,held_out,block_x_anchor,SymTabV2,362,12,14,4,4,3,0,8506,12033,2641,500380,500076,1509640,1455752,0.185,0.913,1.664,0.282265,0.185,0.913,0,0,0.705,0.853263,6.857,445,0,1972,2597,1.31694,655,1539,447
FreeRTOS,held_out,block_x_anchor,SymTabV2,363,12,14,8,2,3,0,8506,12033,2641,509400,509096,1523552,1468984,0.182,0.707,1.412,0.271425,0.182,0.707,0,0,0.666,0.810473,4.931,445,0,1972,932,0.472617,655,1539,447
FreeRTOS,held_out,block_x_anchor,SymTabV2,364,12,14,8,4,3,0,8506,12033,2641,507751,507447,1518400,1464144,0.192,1.002,1.793,0.424084,0.192,1.002,0,0,0.777,1.3156,6.716,445,0,1972,2666,1.35193,655,1539,447
FreeRTOS,held_out,block_x_anchor,SymTabV2,365,12,14,8,8,3,0,8506,12033,2641,506955,506651,1515720,1461608,0.19,1.181,2.257,0.328808,0.19,1.181,0,0,0.834,1.07679,7.142,445,0,1972,6054,3.06998,655,1539,447
FreeRTOS,held_out,block_x_anchor,SymTabV2,366,12,14,16,2,3,0,8506,12033,2641,517524,517220,1538328,1484808,0.212,0.955,1.869,0.322043,0.212,0.955,0,0,0.944,1.0508,7.175,445,0,1972,940,0.476673,655,1539,447
FreeRTOS,held_out,block_x_anchor,SymTabV2,367,12,14,16,4,3,0,8506,12033,2641,515591,515287,1532248,1478920,0.172,0.814,1.521,0.257382,0.172,0.814,0,0,0.706,0.832999,6.232,445,0,1972,2744,1.39148,655,1539,447
FreeRTOS,held_out,block_x_anchor,SymTabV2,368,12,14,16,8,3,0,8506,12033,2641,514655,514351,1529224,1476008,0.182,1.141,1.966,0.297246,0.182,1.141,0,0,0.738,0.938449,5.776,445,0,1972,6268,3.1785,655,1539,447
FreeRTOS,held_out,block_x_anchor,SymTabV2,369,12,14,16,16,3,0,8506,12033,2641,514057,513753,1527536,1474352,0.185,1.487,2.691,0.3416,0.185,1.487,0,0,0.734,1.20901,7.224,445,0,1972,13252,6.72008,655,1539,447
FreeRTOS,held_out,block_x_anchor,SymTabV2,370,12,14,32,2,3,0,8506,12033,2641,522607,522303,1549520,1496296,0.172,0.728,1.415,0.250293,0.172,0.728,0,0,0.638,0.749721,5.873,445,0,1972,988,0.501014,655,1539,447
FreeRTOS,held_out,block_x_anchor,SymTabV2,371,12,14,32,4,3,0,8506,12033,2641,520555,520251,1542880,1489816,0.19,0.917,1.594,0.284295,0.19,0.917,0,0,0.722,0.878516,6.224,445,0,1972,2856,1.44828,655,1539,447
FreeRTOS,held_out,block_x_anchor,SymTabV2,372,12,14,32,8,3,0,8506,12033,2641,519494,519190,1539704,1486752,0.187,1.171,2.014,0.307846,0.187,1.171,0,0,0.776,0.971888,6.873,445,0,1972,6412,3.25152,655,1539,447
FreeRTOS,held_out,block_x_anchor,SymTabV2,373,12,14,32,16,3,0,8506,12033,2641,518926,518622,1537896,1484976,0.177,1.385,2.519,0.319995,0.177,1.385,0,0,0.74,1.04756,5.999,445,0,1972,13644,6.91886,655,1539,447
FreeRTOS,held_out,block_x_anchor,SymTabV2,374,12,14,32,32,3,0,8506,12033,2641,518716,518412,1537208,1484328,0.182,2.103,4.01,0.442918,0.182,2.103,0,0,0.704,1.22052,6.901,445,0,1972,27612,14.002,655,1539,447
FreeRTOS,held_out,block_x_anchor,SymTabV2,375,12,14,64,2,3,0,8506,12033,2641,527755,527451,1559696,1508624,0.176,0.742,1.394,0.25197,0.176,0.742,0,0,0.636,0.744395,5.902,445,0,1972,970,0.491886,655,1539,447
FreeRTOS,held_out,block_x_anchor,SymTabV2,376,12,14,64,4,3,0,8506,12033,2641,525258,524954,1551976,1500904,0.191,0.971,1.708,0.289173,0.191,0.971,0,0,0.78,0.917533,6.261,445,0,1972,2830,1.43509,655,1539,447
FreeRTOS,held_out,block_x_anchor,SymTabV2,377,12,14,64,8,3,0,8506,12033,2641,524137,523833,1548544,1497472,0.165,0.959,1.767,0.268125,0.165,0.959,0,0,0.606,0.817798,4.599,445,0,1972,6646,3.37018,655,1539,447
FreeRTOS,held_out,block_x_anchor,SymTabV2,378,12,14,64,16,3,0,8506,12033,2641,523622,523318,1546944,1495872,0.154,1.178,1.991,0.265048,0.154,1.178,0,0,0.547,0.807178,4.93,445,0,1972,13886,7.04158,655,1539,447
FreeRTOS,held_out,block_x_anchor,SymTabV2,379,12,14,64,32,3,0,8506,12033,2641,523345,523041,1545936,1494864,0.175,2.034,3.704,0.381755,0.175,2.034,0,0,0.687,1.18566,5.168,445,0,1972,29038,14.7252,655,1539,447
FreeRTOS,held_out,block_x_anchor,SymTabV2,380,12,14,128,2,3,0,8506,12033,2641,530095,529791,1565792,1514720,0.153,0.58,1.023,0.209212,0.153,0.58,0,0,0.536,0.604185,2.448,445,0,1972,1012,0.513185,655,1539,447
FreeRTOS,held_out,block_x_anchor,SymTabV2,381,12,14,128,4,3,0,8506,12033,2641,527715,527411,1558000,1506928,0.154,0.722,1.253,0.223583,0.154,0.722,0,0,0.56,0.657041,2.579,445,0,1972,2922,1.48174,655,1539,447
FreeRTOS,held_out,block_x_anchor,SymTabV2,382,12,14,128,8,3,0,8506,12033,2641,526577,526273,1554120,1503048,0.147,0.899,1.61,0.234418,0.147,0.899,0,0,0.554,0.709271,3.258,445,0,1972,6766,3.43103,655,1539,447
FreeRTOS,held_out,block_x_anchor,SymTabV2,383,12,14,128,16,3,0,8506,12033,2641,525913,525609,1552184,1501112,0.142,1.15,1.945,0.254117,0.142,1.15,0,0,0.499,0.736965,2.953,445,0,1972,14854,7.53245,655,1539,447
FreeRTOS,held_out,block_x_anchor,SymTabV2,384,12,14,128,32,3,0,8506,12033,2641,525559,525255,1551320,1500248,0.143,1.698,3.21,0.318994,0.143,1.698,0,0,0.524,0.984855,2.447,445,0,1972,30102,15.2647,655,1539,447
FreeRTOS,held_out,representation_thresholds,SymTabV2,385,4,8,32,8,3,0,8506,12033,2641,554436,554094,1608864,1555696,0.151,0.991,1.728,0.268567,0.151,0.991,0,0,0.725,0.966431,4.506,609,0,2556,8338,3.26213,480,1660,501
FreeRTOS,held_out,representation_thresholds,SymTabV2,386,4,12,32,8,3,0,8506,12033,2641,555738,555396,1682672,1629768,0.146,0.877,1.43,0.240621,0.146,0.877,0,0,0.594,0.779891,4.303,522,0,2248,7388,3.28648,480,1694,467
FreeRTOS,held_out,representation_thresholds,SymTabV2,387,4,16,32,8,3,0,8506,12033,2641,552400,551771,1672272,1617520,0.167,0.838,1.596,0.247377,0.167,0.838,0,0,0.623,0.821005,2.876,382,0,1721,5578,3.24114,480,1749,412
FreeRTOS,held_out,representation_thresholds,SymTabV2,388,4,24,32,8,3,0,8506,12033,2641,548463,548121,1669392,1616184,0.143,0.321,1.201,0.191142,0.143,0.321,0,0,0.558,0.71416,1.144,179,0,801,2709,3.38202,480,1962,199
FreeRTOS,held_out,representation_thresholds,SymTabV2,389,4,32,32,8,3,0,8506,12033,2641,543146,542073,1653272,1596952,0.126,0.245,0.611,0.147757,0.126,0.245,0,0,0.453,0.571722,0.931,59,0,249,762,3.06024,480,2115,46
FreeRTOS,held_out,representation_thresholds,SymTabV2,390,4,999,32,8,3,0,8506,12033,2641,537033,535031,1636072,1578760,0.124,0.218,0.276,0.134018,0.124,0.218,0,0,0.415,0.504919,1.586,0,0,0,0,0,480,2161,0
FreeRTOS,held_out,representation_thresholds,SymTabV2,391,8,8,32,8,3,0,8506,12033,2641,543454,543150,1595568,1542400,0.172,0.971,1.49,0.269319,0.172,0.971,0,0,0.709,0.846983,4.64,609,0,2556,8338,3.26213,546,1594,501
FreeRTOS,held_out,representation_thresholds,SymTabV2,392,8,12,32,8,3,0,8506,12033,2641,544756,544452,1595888,1542984,0.127,0.745,1.197,0.199733,0.127,0.745,0,0,0.476,0.604304,9.587,522,0,2248,7388,3.28648,546,1628,467
FreeRTOS,held_out,representation_thresholds,SymTabV2,393,8,16,32,8,3,0,8506,12033,2641,541418,540827,1650256,1604080,0.179,0.828,1.703,0.259216,0.179,0.828,0,0,0.648,0.865856,2.984,382,0,1721,5578,3.24114,546,1683,412
FreeRTOS,held_out,representation_thresholds,SymTabV2,394,8,24,32,8,3,0,8506,12033,2641,537481,537177,1634240,1581032,0.116,0.251,0.984,0.148528,0.116,0.251,0,0,0.407,0.506946,0.972,179,0,801,2709,3.38202,546,1896,199
FreeRTOS,held_out,representation_thresholds,SymTabV2,395,8,32,32,8,3,0,8506,12033,2641,532164,531129,1640024,1583704,0.111,0.205,0.434,0.12648,0.111,0.205,0,0,0.372,0.456751,1.485,59,0,249,762,3.06024,546,2049,46
FreeRTOS,held_out,representation_thresholds,SymTabV2,396,8,999,32,8,3,0,8506,12033,2641,526199,524087,1622968,1565656,0.119,0.213,0.275,0.127763,0.119,0.213,0,0,0.376,0.485722,1.163,0,0,0,0,0,546,2095,0
FreeRTOS,held_out,representation_thresholds,SymTabV2,397,12,8,32,8,3,0,8506,12033,2641,522000,521696,1546848,1493944,0.117,0.714,1.144,0.188084,0.117,0.714,0,0,0.414,0.533398,3.297,522,0,2248,7388,3.28648,655,1519,467
FreeRTOS,held_out,representation_thresholds,SymTabV2,398,12,12,32,8,3,0,8506,12033,2641,522000,521696,1546896,1493992,0.114,0.678,1.069,0.179752,0.114,0.678,0,0,0.398,0.5063,4.367,522,0,2248,7388,3.28648,655,1519,467
FreeRTOS,held_out,representation_thresholds,SymTabV2,399,12,16,32,8,3,0,8506,12033,2641,518662,518071,1536256,1481504,0.113,0.624,1.276,0.173926,0.113,0.624,0,0,0.415,0.53865,3.258,382,0,1721,5578,3.24114,655,1574,412
FreeRTOS,held_out,representation_thresholds,SymTabV2,400,12,24,32,8,3,0,8506,12033,2641,514725,514421,1579216,1532040,0.11,0.24,0.904,0.14086,0.11,0.24,0,0,0.354,0.45178,1.992,179,0,801,2709,3.38202,655,1787,199
FreeRTOS,held_out,representation_thresholds,SymTabV2,401,12,32,32,8,3,0,8506,12033,2641,509408,508373,1568952,1512632,0.105,0.198,0.39,0.120912,0.105,0.198,0,0,0.326,0.402864,1.673,59,0,249,762,3.06024,655,1940,46
FreeRTOS,held_out,representation_thresholds,SymTabV2,402,12,999,32,8,3,0,8506,12033,2641,503389,501331,1551992,1494680,0.113,0.211,0.286,0.124207,0.113,0.211,0,0,0.341,0.425113,2.141,0,0,0,0,0,655,1986,0
FreeRTOS,held_out,representation_thresholds,SymTabV2,403,16,8,32,8,3,0,8506,12033,2641,481688,481097,1498848,1444096,0.108,0.566,1.041,0.163159,0.108,0.566,0,0,0.291,0.454794,1.813,382,0,1721,5578,3.24114,889,1340,412
FreeRTOS,held_out,representation_thresholds,SymTabV2,404,16,12,32,8,3,0,8506,12033,2641,481688,481097,1498960,1444208,0.115,0.601,1.118,0.172107,0.115,0.601,0,0,0.32,0.485818,1.695,382,0,1721,5578,3.24114,889,1340,412
FreeRTOS,held_out,representation_thresholds,SymTabV2,405,16,16,32,8,3,0,8506,12033,2641,481688,481097,1498880,1444128,0.107,0.554,1.037,0.15895,0.107,0.554,0,0,0.283,0.430528,2.489,382,0,1721,5578,3.24114,889,1340,412
FreeRTOS,held_out,representation_thresholds,SymTabV2,406,16,24,32,8,3,0,8506,12033,2641,477751,477447,1474160,1420952,0.11,0.251,0.964,0.144553,0.11,0.251,0,0,0.286,0.42843,1.618,179,0,801,2709,3.38202,889,1553,199
FreeRTOS,held_out,representation_thresholds,SymTabV2,407,16,32,32,8,3,0,8506,12033,2641,472434,471399,1458024,1401704,0.11,0.22,0.487,0.127666,0.11,0.22,0,0,0.275,0.408745,1.369,59,0,249,762,3.06024,889,1706,46
FreeRTOS,held_out,representation_thresholds,SymTabV2,408,16,999,32,8,3,0,8506,12033,2641,466324,464357,1440936,1383624,0.103,0.195,0.262,0.113437,0.103,0.195,0,0,0.243,0.339219,2.115,0,0,0,0,0,889,1752,0
FreeRTOS,held_out,representation_thresholds,SymTabV2,409,20,8,32,8,3,0,8506,12033,2641,432789,432485,1417864,1364824,0.123,0.437,1.159,0.172627,0.123,0.437,0,0,0.246,0.504702,1.168,271,0,1224,3944,3.22222,1201,1119,321
FreeRTOS,held_out,representation_thresholds,SymTabV2,410,20,12,32,8,3,0,8506,12033,2641,432789,432485,1417912,1364872,0.104,0.376,1.008,0.147748,0.104,0.376,0,0,0.196,0.389435,1.206,271,0,1224,3944,3.22222,1201,1119,321
FreeRTOS,held_out,representation_thresholds,SymTabV2,411,20,16,32,8,3,0,8506,12033,2641,432789,432485,1417896,1364856,0.108,0.374,1.024,0.153224,0.108,0.374,0,0,0.204,0.402781,1.264,271,0,1224,3944,3.22222,1201,1119,321
FreeRTOS,held_out,representation_thresholds,SymTabV2,412,20,24,32,8,3,0,8506,12033,2641,430447,430143,1403936,1350712,0.12,0.271,1.03,0.159076,0.12,0.271,0,0,0.235,0.441931,0.701,179,0,801,2709,3.38202,1201,1241,199
FreeRTOS,held_out,representation_thresholds,SymTabV2,413,20,32,32,8,3,0,8506,12033,2641,425130,424095,1387816,1331480,0.104,0.201,0.457,0.119422,0.104,0.201,0,0,0.186,0.334971,1.245,59,0,249,762,3.06024,1201,1394,46
FreeRTOS,held_out,representation_thresholds,SymTabV2,414,20,999,32,8,3,0,8506,12033,2641,418918,417053,1370712,1313400,0.104,0.19,0.251,0.118768,0.104,0.19,0,0,0.185,0.314249,1.117,0,0,0,0,0,1201,1440,0
FreeRTOS,held_out,tiering_policy,SymTabV2,415,12,14,32,8,1,0,8506,12033,2641,520220,519916,1542592,1485616,0.113,0.558,1.423,0.172001,0.113,0.558,0,0,0.427,0.549642,3.56,624,0,886,2919,3.29458,655,1632,354
FreeRTOS,held_out,tiering_policy,SymTabV2,416,12,14,32,8,1,20,8506,12033,2641,522157,518492,1590120,1538504,0.108,0.681,1.096,0.164705,0.108,0.681,0,0,0.372,0.47523,3.474,877,670,1167,3937,3.37361,655,1297,689
FreeRTOS,held_out,tiering_policy,SymTabV2,417,12,14,32,8,1,100,8506,12033,2641,522155,519479,1591992,1538968,0.127,0.826,1.533,0.208309,0.127,0.826,0,0,0.54,0.684964,5.133,841,619,1131,3863,3.41556,655,1307,679
FreeRTOS,held_out,tiering_policy,SymTabV2,418,12,14,32,8,2,0,8506,12033,2641,520220,519916,1542640,1485664,0.119,0.328,0.891,0.154624,0.119,0.328,0,0,0.403,0.534378,3.061,624,0,1510,4914,3.2543,655,1632,354
FreeRTOS,held_out,tiering_policy,SymTabV2,419,12,14,32,8,2,20,8506,12033,2641,522157,518492,1589912,1538296,0.108,0.475,0.841,0.148999,0.108,0.475,0,0,0.383,0.490693,3.617,877,670,2044,6867,3.35959,655,1297,689
FreeRTOS,held_out,tiering_policy,SymTabV2,420,12,14,32,8,2,100,8506,12033,2641,522155,519479,1591864,1538840,0.109,0.451,0.841,0.149265,0.109,0.451,0,0,0.374,0.480523,5.36,841,619,1972,6677,3.3859,655,1307,679
FreeRTOS,held_out,tiering_policy,SymTabV2,421,12,14,32,8,3,0,8506,12033,2641,519494,519190,1539768,1486816,0.116,0.651,1.129,0.176939,0.116,0.651,0,0,0.403,0.546542,3.751,445,0,1972,6412,3.25152,655,1539,447
FreeRTOS,held_out,tiering_policy,SymTabV2,422,12,14,32,8,3,20,8506,12033,2641,519410,516465,1569944,1521096,0.11,0.688,1.01,0.177547,0.11,0.688,0,0,0.378,0.481293,4.041,569,423,2420,8040,3.32231,655,1295,691
FreeRTOS,held_out,tiering_policy,SymTabV2,423,12,14,32,8,3,100,8506,12033,2641,519462,516757,1569176,1520176,0.121,0.769,1.246,0.197284,0.121,0.769,0,0,0.48,0.601174,2.62,553,394,2364,7891,3.33799,655,1305,681
FreeRTOS,held_out,tiering_policy,SymTabV2,424,12,14,32,8,5,0,8506,12033,2641,513599,513295,1529816,1473080,0.106,0.566,0.866,0.156657,0.106,0.566,0,0,0.358,0.466235,3.607,252,0,2689,8612,3.20268,655,1423,563
FreeRTOS,held_out,tiering_policy,SymTabV2,425,12,14,32,8,5,20,8506,12033,2641,512485,512147,1549032,1493528,0.104,0.601,0.86,0.163773,0.104,0.601,0,0,0.357,0.455228,3.396,323,235,3192,10763,3.37187,655,1289,697
FreeRTOS,held_out,tiering_policy,SymTabV2,426,12,14,32,8,5,100,8506,12033,2641,511828,511430,1547056,1491528,0.109,0.675,1.089,0.179446,0.109,0.675,0,0,0.4,0.510871,4.319,315,223,3118,10497,3.36658,655,1290,696
FreeRTOS,held_out,tiering_policy,SymTabV2,427,12,14,32,8,10,0,8506,12033,2641,510784,510480,1521840,1465136,0.111,0.552,0.819,0.161855,0.111,0.552,0,0,0.38,0.480855,3.484,139,0,3621,11302,3.12124,655,1371,615
FreeRTOS,held_out,tiering_policy,SymTabV2,428,12,14,32,8,10,20,8506,12033,2641,510432,510128,1533184,1477280,0.105,0.571,0.803,0.16411,0.105,0.571,0,0,0.359,0.451774,3.11,181,144,4163,13923,3.34446,655,1287,699
FreeRTOS,held_out,tiering_policy,SymTabV2,429,12,14,32,8,10,100,8506,12033,2641,510392,510088,1533480,1476856,0.107,0.571,0.824,0.165836,0.107,0.571,0,0,0.369,0.456978,3.113,176,136,4086,14057,3.44028,655,1288,698
FreeRTOS,held_out,tiering_policy,SymTabV2,430,12,14,32,8,999,0,8506,12033,2641,506237,505933,1511968,1454992,0.115,0.637,1,0.192734,0.115,0.637,0,0,0.42,0.530881,3.983,0,0,5418,16709,3.08398,655,1287,699
FreeRTOS,held_out,tiering_policy,SymTabV2,431,12,14,32,8,999,20,8506,12033,2641,506237,505933,1512048,1455072,0.132,0.687,0.982,0.211087,0.132,0.687,0,0,0.413,0.56402,3.263,0,0,5418,16709,3.08398,655,1287,699
FreeRTOS,held_out,tiering_policy,SymTabV2,432,12,14,32,8,999,100,8506,12033,2641,506237,505933,1512112,1455136,0.108,0.558,0.786,0.172514,0.108,0.558,0,0,0.361,0.459134,3.237,0,0,5418,16709,3.08398,655,1287,699
Arduino,held_out,baseline,Conventional,0,12,14,32,8,3,0,9399,11804,4046,176640,175985,818064,795120,0.108,0.259,0.353,0.126412,0.108,0.259,0,0,0.17,0.19298,7.619,0,0,0,0,0,0,0,0
Arduino,held_out,baseline,Interned,0,12,14,32,8,3,0,9399,11804,4046,167464,166853,1176096,1172608,0.102,0.204,0.268,0.115816,0.102,0.204,0,0,0.218,0.268101,2.667,0,0,0,0,0,0,0,0
Arduino,held_out,block_x_anchor,SymTabV2,433,12,14,4,2,3,0,9399,11804,4046,352468,352468,1206984,1192384,0.081,0.2,0.508,0.101428,0.081,0.2,0,0,0.144,0.245379,3.492,210,0,989,459,0.464105,3048,532,466
Arduino,held_out,block_x_anchor,SymTabV2,434,12,14,4,4,3,0,9399,11804,4046,351465,351465,1203920,1189112,0.082,0.214,0.599,0.104536,0.082,0.214,0,0,0.142,0.25702,3.566,210,0,989,1305,1.31951,3048,532,466
Arduino,held_out,block_x_anchor,SymTabV2,435,12,14,8,2,3,0,9399,11804,4046,354133,354133,1205840,1191832,0.087,0.228,0.535,0.111034,0.087,0.228,0,0,0.158,0.284527,4.685,210,0,989,470,0.475228,3048,532,466
Arduino,held_out,block_x_anchor,SymTabV2,436,12,14,8,4,3,0,9399,11804,4046,353019,353019,1202376,1188112,0.084,0.234,0.588,0.109538,0.084,0.234,0,0,0.15,0.275969,3.224,210,0,989,1364,1.37917,3048,532,466
Arduino,held_out,block_x_anchor,SymTabV2,437,12,14,8,8,3,0,9399,11804,4046,352468,352468,1200536,1186104,0.081,0.244,0.725,0.110833,0.081,0.244,0,0,0.145,0.285457,4.296,210,0,989,3100,3.13448,3048,532,466
Arduino,held_out,block_x_anchor,SymTabV2,438,12,14,16,2,3,0,9399,11804,4046,355693,355693,1209000,1194312,0.092,0.247,0.594,0.119028,0.092,0.247,0,0,0.168,0.301273,4.432,210,0,989,468,0.473205,3048,532,466
Arduino,held_out,block_x_anchor,SymTabV2,439,12,14,16,4,3,0,9399,11804,4046,354454,354454,1204920,1190040,0.096,0.291,0.74,0.127384,0.096,0.291,0,0,0.184,0.344649,4.28,210,0,989,1398,1.41355,3048,532,466
Arduino,held_out,block_x_anchor,SymTabV2,440,12,14,16,8,3,0,9399,11804,4046,353791,353791,1202712,1187680,0.081,0.233,0.717,0.110778,0.081,0.233,0,0,0.145,0.281785,2.948,210,0,989,3250,3.28615,3048,532,466
Arduino,held_out,block_x_anchor,SymTabV2,441,12,14,16,16,3,0,9399,11804,4046,353514,353514,1201808,1186704,0.082,0.255,1.029,0.122077,0.082,0.255,0,0,0.146,0.305903,3.618,210,0,989,6626,6.6997,3048,532,466
Arduino,held_out,block_x_anchor,SymTabV2,442,12,14,32,2,3,0,9399,11804,4046,357644,357644,1212472,1199272,0.083,0.211,0.493,0.103107,0.083,0.211,0,0,0.144,0.246755,2.383,210,0,989,471,0.476239,3048,532,466
Arduino,held_out,block_x_anchor,SymTabV2,443,12,14,32,4,3,0,9399,11804,4046,356135,356135,1207880,1194264,0.096,0.285,0.785,0.128178,0.096,0.285,0,0,0.181,0.346538,2.269,210,0,989,1435,1.45096,3048,532,466
Arduino,held_out,block_x_anchor,SymTabV2,444,12,14,32,8,3,0,9399,11804,4046,355377,355377,1205456,1191696,0.082,0.22,0.708,0.111819,0.082,0.22,0,0,0.144,0.276975,2.618,210,0,989,3307,3.34378,3048,532,466
Arduino,held_out,block_x_anchor,SymTabV2,445,12,14,32,16,3,0,9399,11804,4046,355052,355052,1204288,1190440,0.081,0.256,1.045,0.121628,0.081,0.256,0,0,0.145,0.316816,2.409,210,0,989,6755,6.83013,3048,532,466
Arduino,held_out,block_x_anchor,SymTabV2,446,12,14,32,32,3,0,9399,11804,4046,354945,354945,1203816,1189904,0.081,0.246,1.665,0.139253,0.081,0.246,0,0,0.144,0.36057,2.302,210,0,989,13955,14.1102,3048,532,466
Arduino,held_out,block_x_anchor,SymTabV2,447,12,14,64,2,3,0,9399,11804,4046,358297,358297,1213544,1200344,0.088,0.225,0.524,0.109672,0.088,0.225,0,0,0.159,0.283218,2.57,210,0,989,484,0.489383,3048,532,466
Arduino,held_out,block_x_anchor,SymTabV2,448,12,14,64,4,3,0,9399,11804,4046,356737,356737,1209056,1195424,0.082,0.218,0.573,0.105324,0.082,0.218,0,0,0.146,0.25963,1.825,210,0,989,1466,1.48231,3048,532,466
Arduino,held_out,block_x_anchor,SymTabV2,449,12,14,64,8,3,0,9399,11804,4046,355995,355995,1206624,1192896,0.082,0.238,0.73,0.111831,0.082,0.238,0,0,0.148,0.290008,1.682,210,0,989,3334,3.37108,3048,532,466
Arduino,held_out,block_x_anchor,SymTabV2,450,12,14,64,16,3,0,9399,11804,4046,355670,355670,1205512,1191632,0.082,0.238,1.035,0.120475,0.082,0.238,0,0,0.146,0.310594,2.171,210,0,989,6870,6.94641,3048,532,466
Arduino,held_out,block_x_anchor,SymTabV2,451,12,14,64,32,3,0,9399,11804,4046,355519,355519,1204928,1191032,0.091,0.336,1.866,0.158292,0.091,0.336,0,0,0.17,0.46471,1.976,210,0,989,14294,14.453,3048,532,466
Arduino,held_out,block_x_anchor,SymTabV2,452,12,14,128,2,3,0,9399,11804,4046,359962,359962,1218328,1205808,0.082,0.205,0.508,0.102667,0.082,0.205,0,0,0.146,0.249198,2.486,210,0,989,477,0.482305,3048,532,466
Arduino,held_out,block_x_anchor,SymTabV2,453,12,14,128,4,3,0,9399,11804,4046,358335,358335,1213416,1200520,0.083,0.229,0.589,0.107986,0.083,0.229,0,0,0.147,0.269914,2.653,210,0,989,1457,1.47321,3048,532,466
Arduino,held_out,block_x_anchor,SymTabV2,454,12,14,128,8,3,0,9399,11804,4046,357519,357519,1210792,1197656,0.082,0.246,0.739,0.114279,0.082,0.246,0,0,0.147,0.28758,2.823,210,0,989,3373,3.41052,3048,532,466
Arduino,held_out,block_x_anchor,SymTabV2,455,12,14,128,16,3,0,9399,11804,4046,357158,357158,1209392,1196192,0.081,0.239,1.019,0.119748,0.081,0.239,0,0,0.144,0.307646,2.364,210,0,989,7013,7.091,3048,532,466
Arduino,held_out,block_x_anchor,SymTabV2,456,12,14,128,32,3,0,9399,11804,4046,357028,357028,1208952,1195704,0.089,0.299,2.01,0.159875,0.089,0.299,0,0,0.161,0.422849,2.627,210,0,989,14677,14.8402,3048,532,466
Arduino,held_out,representation_thresholds,SymTabV2,457,4,8,32,8,3,0,9399,11804,4046,549394,549394,1580288,1576112,0.081,0.447,0.728,0.125241,0.081,0.447,0,0,0.327,0.400659,2.868,443,0,1991,6559,3.29432,1859,1106,1081
Arduino,held_out,representation_thresholds,SymTabV2,458,4,12,32,8,3,0,9399,11804,4046,562165,562165,1602576,1602576,0.081,0.36,0.713,0.114233,0.081,0.36,0,0,0.305,0.39044,2.778,292,0,1340,4561,3.40373,1859,1632,555
Arduino,held_out,representation_thresholds,SymTabV2,459,4,16,32,8,3,0,9399,11804,4046,564687,564687,1606024,1606024,0.094,0.224,0.918,0.12649,0.094,0.224,0,0,0.372,0.484941,1.667,158,0,747,2527,3.38286,1859,1799,388
Arduino,held_out,representation_thresholds,SymTabV2,460,4,24,32,8,3,0,9399,11804,4046,570716,570716,1623520,1623520,0.079,0.151,0.204,0.08827,0.079,0.151,0,0,0.278,0.34772,0.743,9,0,70,204,2.91429,1859,2090,97
Arduino,held_out,representation_thresholds,SymTabV2,461,4,32,32,8,3,0,9399,11804,4046,573316,573316,1631680,1631680,0.08,0.149,0.2,0.087634,0.08,0.149,0,0,0.276,0.413469,0.72,0,0,6,24,4,1859,2176,11
Arduino,held_out,representation_thresholds,SymTabV2,462,4,999,32,8,3,0,9399,11804,4046,573430,573430,1631448,1631448,0.08,0.151,0.197,0.0869034,0.08,0.151,0,0,0.277,0.339335,1.031,0,0,0,0,0,1859,2187,0
Arduino,held_out,representation_thresholds,SymTabV2,463,8,8,32,8,3,0,9399,11804,4046,453511,453511,1369576,1369536,0.094,0.51,0.944,0.145231,0.094,0.51,0,0,0.267,0.43495,3.296,443,0,1991,6559,3.29432,2333,632,1081
Arduino,held_out,representation_thresholds,SymTabV2,464,8,12,32,8,3,0,9399,11804,4046,466282,466282,1386608,1384096,0.08,0.368,0.717,0.114432,0.08,0.368,0,0,0.208,0.322005,3.446,292,0,1340,4561,3.40373,2333,1158,555
Arduino,held_out,representation_thresholds,SymTabV2,465,8,16,32,8,3,0,9399,11804,4046,468804,468804,1474968,1461368,0.079,0.184,0.692,0.103876,0.079,0.184,0,0,0.202,0.309141,2.288,158,0,747,2527,3.38286,2333,1325,388
Arduino,held_out,representation_thresholds,SymTabV2,466,8,24,32,8,3,0,9399,11804,4046,474833,474833,1502696,1500416,0.088,0.182,0.287,0.100971,0.088,0.182,0,0,0.239,0.386733,1.137,9,0,70,204,2.91429,2333,1616,97
Arduino,held_out,representation_thresholds,SymTabV2,467,8,32,32,8,3,0,9399,11804,4046,477433,477433,1510920,1508848,0.078,0.149,0.192,0.0855651,0.078,0.149,0,0,0.19,0.280054,1.088,0,0,6,24,4,2333,1702,11
Arduino,held_out,representation_thresholds,SymTabV2,468,8,999,32,8,3,0,9399,11804,4046,477547,477547,1510584,1508440,0.081,0.157,0.215,0.0890297,0.081,0.157,0,0,0.201,0.304426,1.144,0,0,0,0,0,2333,1713,0
Arduino,held_out,representation_thresholds,SymTabV2,469,12,8,32,8,3,0,9399,11804,4046,354446,354446,1204624,1191808,0.076,0.352,0.721,0.108536,0.076,0.352,0,0,0.135,0.268246,2.567,292,0,1340,4561,3.40373,3048,443,555
Arduino,held_out,representation_thresholds,SymTabV2,470,12,12,32,8,3,0,9399,11804,4046,354446,354446,1204560,1191776,0.089,0.449,0.898,0.133723,0.089,0.449,0,0,0.17,0.353038,3.051,292,0,1340,4561,3.40373,3048,443,555
Arduino,held_out,representation_thresholds,SymTabV2,471,12,16,32,8,3,0,9399,11804,4046,356968,356968,1233272,1232376,0.088,0.231,0.779,0.119409,0.088,0.231,0,0,0.166,0.325142,2.916,158,0,747,2527,3.38286,3048,610,388
Arduino,held_out,representation_thresholds,SymTabV2,472,12,24,32,8,3,0,9399,11804,4046,362997,362997,1272360,1259776,0.083,0.211,0.367,0.101858,0.083,0.211,0,0,0.154,0.294017,1.537,9,0,70,204,2.91429,3048,901,97
Arduino,held_out,representation_thresholds,SymTabV2,473,12,32,32,8,3,0,9399,11804,4046,365597,365597,1280392,1268000,0.077,0.15,0.2,0.0851944,0.077,0.15,0,0,0.138,0.239266,2.018,0,0,6,24,4,3048,987,11
Arduino,held_out,representation_thresholds,SymTabV2,474,12,999,32,8,3,0,9399,11804,4046,365711,365711,1280136,1267672,0.084,0.173,0.233,0.0950874,0.084,0.173,0,0,0.163,0.276321,5.525,0,0,0,0,0,3048,998,0
Arduino,held_out,representation_thresholds,SymTabV2,475,16,8,32,8,3,0,9399,11804,4046,284965,284965,1107784,1083160,0.078,0.173,0.684,0.101438,0.078,0.173,0,0,0.113,0.21344,1.378,158,0,747,2527,3.38286,3403,255,388
Arduino,held_out,representation_thresholds,SymTabV2,476,16,12,32,8,3,0,9399,11804,4046,284965,284965,1107784,1083144,0.074,0.167,0.651,0.096771,0.074,0.167,0,0,0.108,0.203805,1.472,158,0,747,2527,3.38286,3403,255,388
Arduino,held_out,representation_thresholds,SymTabV2,477,16,16,32,8,3,0,9399,11804,4046,284965,284965,1107704,1083064,0.078,0.185,0.682,0.102257,0.078,0.185,0,0,0.118,0.233542,1.33,158,0,747,2527,3.38286,3403,255,388
Arduino,held_out,representation_thresholds,SymTabV2,478,16,24,32,8,3,0,9399,11804,4046,290994,290994,1146968,1123616,0.088,0.168,0.242,0.0977729,0.088,0.168,0,0,0.133,0.245077,1.228,9,0,70,204,2.91429,3403,546,97
Arduino,held_out,representation_thresholds,SymTabV2,479,16,32,32,8,3,0,9399,11804,4046,293594,293594,1155032,1131888,0.076,0.148,0.194,0.0863593,0.076,0.148,0,0,0.113,0.203575,1.544,0,0,6,24,4,3403,632,11
Arduino,held_out,representation_thresholds,SymTabV2,480,16,999,32,8,3,0,9399,11804,4046,293708,293708,1154824,1131608,0.073,0.14,0.183,0.0806045,0.073,0.14,0,0,0.106,0.183408,1.093,0,0,0,0,0,3403,643,0
Arduino,held_out,representation_thresholds,SymTabV2,481,20,8,32,8,3,0,9399,11804,4046,228686,228686,1015192,982232,0.073,0.147,0.394,0.0867101,0.073,0.147,0,0,0.101,0.164898,1.115,48,0,295,959,3.25085,3716,98,232
Arduino,held_out,representation_thresholds,SymTabV2,482,20,12,32,8,3,0,9399,11804,4046,228686,228686,1015032,982072,0.075,0.149,0.432,0.0901615,0.075,0.149,0,0,0.102,0.170843,1.241,48,0,295,959,3.25085,3716,98,232
Arduino,held_out,representation_thresholds,SymTabV2,483,20,16,32,8,3,0,9399,11804,4046,228686,228686,1015080,982104,0.081,0.167,0.511,0.0982343,0.081,0.167,0,0,0.117,0.196922,0.55,48,0,295,959,3.25085,3716,98,232
Arduino,held_out,representation_thresholds,SymTabV2,484,20,24,32,8,3,0,9399,11804,4046,232600,232600,1033296,1000744,0.074,0.142,0.191,0.08219,0.074,0.142,0,0,0.102,0.163119,0.927,9,0,70,204,2.91429,3716,233,97
Arduino,held_out,representation_thresholds,SymTabV2,485,20,32,32,8,3,0,9399,11804,4046,235200,235200,1041312,1008968,0.072,0.138,0.174,0.079015,0.072,0.138,0,0,0.1,0.151818,0.623,0,0,6,24,4,3716,319,11
Arduino,held_out,representation_thresholds,SymTabV2,486,20,999,32,8,3,0,9399,11804,4046,235314,235314,1041184,1008784,0.073,0.142,0.184,0.0804911,0.073,0.142,0,0,0.103,0.15434,0.595,0,0,0,0,0,3716,330,0
Arduino,held_out,tiering_policy,SymTabV2,487,12,14,32,8,1,0,9399,11804,4046,360614,360614,1213232,1200792,0.077,0.174,0.791,0.103913,0.077,0.174,0,0,0.144,0.279422,3.21,362,0,410,1356,3.30732,3048,642,356
Arduino,held_out,tiering_policy,SymTabV2,488,12,14,32,8,1,20,9399,11804,4046,354031,354031,1236720,1226944,0.08,0.195,0.887,0.111889,0.08,0.195,0,0,0.142,0.280754,3.276,472,405,535,1743,3.25794,3048,374,624
Arduino,held_out,tiering_policy,SymTabV2,489,12,14,32,8,1,100,9399,11804,4046,353224,353224,1233664,1223080,0.075,0.184,0.827,0.106429,0.075,0.184,0,0,0.136,0.269459,2.608,440,365,503,1689,3.35785,3048,376,622
Arduino,held_out,tiering_policy,SymTabV2,490,12,14,32,8,2,0,9399,11804,4046,360614,360614,1213104,1200696,0.074,0.166,0.543,0.0915773,0.074,0.166,0,0,0.132,0.257684,2.057,362,0,772,2539,3.28886,3048,642,356
Arduino,held_out,tiering_policy,SymTabV2,491,12,14,32,8,2,20,9399,11804,4046,354031,354031,1236832,1227040,0.076,0.178,0.569,0.0950601,0.076,0.178,0,0,0.133,0.254009,2.589,472,405,1007,3291,3.26812,3048,374,624
Arduino,held_out,tiering_policy,SymTabV2,492,12,14,32,8,2,100,9399,11804,4046,353224,353224,1233712,1223176,0.084,0.198,0.712,0.109478,0.084,0.198,0,0,0.156,0.305396,2.114,440,365,943,3171,3.36267,3048,376,622
Arduino,held_out,tiering_policy,SymTabV2,493,12,14,32,8,3,0,9399,11804,4046,355377,355377,1205328,1191568,0.075,0.198,0.663,0.100586,0.075,0.198,0,0,0.131,0.252116,1.969,210,0,989,3307,3.34378,3048,532,466
Arduino,held_out,tiering_policy,SymTabV2,494,12,14,32,8,3,20,9399,11804,4046,351619,351619,1219544,1206808,0.075,0.298,0.668,0.104264,0.075,0.298,0,0,0.132,0.25681,2.705,265,233,1197,3985,3.32916,3048,373,625
Arduino,held_out,tiering_policy,SymTabV2,495,12,14,32,8,3,100,9399,11804,4046,351829,351829,1219696,1206952,0.074,0.26,0.655,0.102803,0.074,0.26,0,0,0.132,0.253739,2.413,243,207,1123,3823,3.40427,3048,375,623
Arduino,held_out,tiering_policy,SymTabV2,496,12,14,32,8,5,0,9399,11804,4046,353678,353678,1202240,1188528,0.085,0.314,0.774,0.120028,0.085,0.314,0,0,0.162,0.31866,2.331,137,0,1346,4473,3.32318,3048,486,512
Arduino,held_out,tiering_policy,SymTabV2,497,12,14,32,8,5,20,9399,11804,4046,350793,350793,1211768,1199104,0.075,0.335,0.626,0.105756,0.075,0.335,0,0,0.133,0.262095,2.849,172,158,1579,5375,3.40405,3048,373,625
Arduino,held_out,tiering_policy,SymTabV2,498,12,14,32,8,5,100,9399,11804,4046,350788,350788,1211424,1198704,0.075,0.312,0.631,0.104484,0.075,0.312,0,0,0.133,0.258645,2.766,158,140,1481,4932,3.33018,3048,375,623
Arduino,held_out,tiering_policy,SymTabV2,499,12,14,32,8,10,0,9399,11804,4046,353100,353100,1202688,1188848,0.074,0.299,0.559,0.10139,0.074,0.299,0,0,0.131,0.256834,10.37,84,0,1845,6114,3.31382,3048,447,551
Arduino,held_out,tiering_policy,SymTabV2,500,12,14,32,8,10,20,9399,11804,4046,351229,351229,1207472,1195872,0.079,0.353,0.66,0.113085,0.079,0.353,0,0,0.142,0.284966,2.81,99,91,2086,6708,3.21572,3048,373,625
Arduino,held_out,tiering_policy,SymTabV2,501,12,14,32,8,10,100,9399,11804,4046,351184,351184,1207392,1195792,0.087,0.394,0.722,0.124853,0.087,0.394,0,0,0.164,0.322591,2.741,94,86,1976,6322,3.19939,3048,373,625
Arduino,held_out,tiering_policy,SymTabV2,502,12,14,32,8,999,0,9399,11804,4046,349246,349246,1195568,1181128,0.075,0.362,0.561,0.108283,0.075,0.362,0,0,0.13,0.254818,2.143,0,0,2700,9460,3.5037,3048,372,626
Arduino,held_out,tiering_policy,SymTabV2,503,12,14,32,8,999,20,9399,11804,4046,349246,349246,1195616,1181176,0.075,0.37,0.569,0.110105,0.075,0.37,0,0,0.135,0.259586,2.011,0,0,2700,9460,3.5037,3048,372,626
Arduino,held_out,tiering_policy,SymTabV2,504,12,14,32,8,999,100,9399,11804,4046,349246,349246,1195648,1181224,0.071,0.346,0.533,0.104061,0.071,0.346,0,0,0.126,0.242282,1.886,0,0,2700,9460,3.5037,3048,372,626
Zephyr,held_out,baseline,Conventional,0,12,14,32,8,3,0,7749,13442,2876,130638,127511,640976,636776,0.096,0.193,0.256,0.104668,0.096,0.193,0,0,0.165,0.185325,6.523,0,0,0,0,0,0,0,0
Zephyr,held_out,baseline,Interned,0,12,14,32,8,3,0,7749,13442,2876,123997,120974,1011920,1010424,0.096,0.168,0.22,0.104875,0.096,0.168,0,0,0.224,0.274267,2.339,0,0,0,0,0,0,0,0
Zephyr,held_out,block_x_anchor,SymTabV2,505,12,14,4,2,3,0,7749,13442,2876,358725,354653,1111864,1095328,0.074,0.305,0.519,0.103126,0.074,0.305,0,0,0.181,0.2748,3.265,420,0,2447,1133,0.463016,1631,554,691
Zephyr,held_out,block_x_anchor,SymTabV2,506,12,14,4,4,3,0,7749,13442,2876,355596,351608,1104072,1087560,0.077,0.39,0.63,0.11389,0.077,0.39,0,0,0.187,0.302001,3.464,420,0,2447,3203,1.30895,1631,554,691
Zephyr,held_out,block_x_anchor,SymTabV2,507,12,14,8,2,3,0,7749,13442,2876,363338,359266,1113912,1097480,0.086,0.369,0.67,0.123135,0.086,0.369,0,0,0.228,0.342113,3.093,420,0,2447,1175,0.48018,1631,554,691
Zephyr,held_out,block_x_anchor,SymTabV2,508,12,14,8,4,3,0,7749,13442,2876,359725,355737,1105080,1088608,0.075,0.39,0.602,0.111508,0.075,0.39,0,0,0.187,0.296265,2.845,420,0,2447,3329,1.36044,1631,554,691
Zephyr,held_out,block_x_anchor,SymTabV2,509,12,14,8,8,3,0,7749,13442,2876,358174,354217,1100992,1084520,0.074,0.495,0.767,0.121591,0.074,0.495,0,0,0.184,0.322941,2.939,420,0,2447,7749,3.16673,1631,554,691
Zephyr,held_out,block_x_anchor,SymTabV2,510,12,14,16,2,3,0,7749,13442,2876,365986,362033,1115360,1099984,0.093,0.405,0.717,0.131235,0.093,0.405,0,0,0.244,0.361551,3.311,420,0,2447,1218,0.497752,1631,554,691
Zephyr,held_out,block_x_anchor,SymTabV2,511,12,14,16,4,3,0,7749,13442,2876,362184,358289,1106016,1090536,0.081,0.424,0.682,0.121085,0.081,0.424,0,0,0.207,0.334775,2.296,420,0,2447,3438,1.40499,1631,554,691
Zephyr,held_out,block_x_anchor,SymTabV2,512,12,14,16,8,3,0,7749,13442,2876,360515,356655,1101432,1085912,0.079,0.527,0.822,0.130656,0.079,0.527,0,0,0.193,0.341119,2.644,420,0,2447,7950,3.24888,1631,554,691
Zephyr,held_out,block_x_anchor,SymTabV2,513,12,14,16,16,3,0,7749,13442,2876,359604,355754,1098992,1083416,0.075,0.709,1.126,0.144623,0.075,0.709,0,0,0.183,0.373097,2.505,420,0,2447,16942,6.92358,1631,554,691
Zephyr,held_out,block_x_anchor,SymTabV2,514,12,14,32,2,3,0,7749,13442,2876,370202,366395,1126688,1111840,0.088,0.362,0.635,0.122125,0.088,0.362,0,0,0.227,0.335411,2.913,420,0,2447,1216,0.496935,1631,554,691
Zephyr,held_out,block_x_anchor,SymTabV2,515,12,14,32,4,3,0,7749,13442,2876,365994,362229,1116104,1101056,0.081,0.424,0.672,0.120185,0.081,0.424,0,0,0.203,0.324045,2.848,420,0,2447,3468,1.41725,1631,554,691
Zephyr,held_out,block_x_anchor,SymTabV2,516,12,14,32,8,3,0,7749,13442,2876,363932,360178,1110128,1095000,0.08,0.553,0.863,0.135226,0.08,0.553,0,0,0.206,0.36999,3.011,420,0,2447,8224,3.36085,1631,554,691
Zephyr,held_out,block_x_anchor,SymTabV2,517,12,14,32,16,3,0,7749,13442,2876,362886,359143,1107400,1092200,0.081,0.774,1.237,0.158597,0.081,0.774,0,0,0.206,0.419956,3.083,420,0,2447,17376,7.10094,1631,554,691
Zephyr,held_out,block_x_anchor,SymTabV2,518,12,14,32,32,3,0,7749,13442,2876,362340,358597,1106200,1090960,0.098,1.403,2.561,0.245574,0.098,1.403,0,0,0.268,0.664273,2.132,420,0,2447,34960,14.2869,1631,554,691
Zephyr,held_out,block_x_anchor,SymTabV2,519,12,14,64,2,3,0,7749,13442,2876,371652,367809,1131240,1115360,0.088,0.374,0.665,0.125959,0.088,0.374,0,0,0.224,0.340862,2.096,420,0,2447,1241,0.507152,1631,554,691
Zephyr,held_out,block_x_anchor,SymTabV2,520,12,14,64,4,3,0,7749,13442,2876,367091,363298,1119704,1103664,0.083,0.429,0.642,0.122845,0.083,0.429,0,0,0.198,0.31387,1.68,420,0,2447,3537,1.44544,1631,554,691
Zephyr,held_out,block_x_anchor,SymTabV2,521,12,14,64,8,3,0,7749,13442,2876,364936,361170,1114200,1098056,0.082,0.552,0.847,0.134312,0.082,0.552,0,0,0.201,0.355269,2.443,420,0,2447,8265,3.37761,1631,554,691
Zephyr,held_out,block_x_anchor,SymTabV2,522,12,14,64,16,3,0,7749,13442,2876,363844,360089,1111456,1095312,0.091,0.884,1.462,0.192325,0.091,0.884,0,0,0.236,0.498186,1.762,420,0,2447,17873,7.30405,1631,554,691
Zephyr,held_out,block_x_anchor,SymTabV2,523,12,14,64,32,3,0,7749,13442,2876,363261,359506,1109936,1093752,0.083,1.219,2.132,0.211339,0.083,1.219,0,0,0.213,0.547151,1.795,420,0,2447,35633,14.5619,1631,554,691
Zephyr,held_out,block_x_anchor,SymTabV2,524,12,14,128,2,3,0,7749,13442,2876,372629,369137,1134416,1118872,0.085,0.348,0.599,0.119652,0.085,0.348,0,0,0.208,0.310034,3.71,420,0,2447,1216,0.496935,1631,554,691
Zephyr,held_out,block_x_anchor,SymTabV2,525,12,14,128,4,3,0,7749,13442,2876,367899,364407,1122456,1106608,0.1,0.567,0.962,0.156761,0.1,0.567,0,0,0.266,0.427607,3.98,420,0,2447,3760,1.53658,1631,554,691
Zephyr,held_out,block_x_anchor,SymTabV2,526,12,14,128,8,3,0,7749,13442,2876,365591,362099,1116328,1100344,0.097,0.67,1.147,0.166436,0.097,0.67,0,0,0.245,0.452799,4.587,420,0,2447,8536,3.48835,1631,554,691
Zephyr,held_out,block_x_anchor,SymTabV2,527,12,14,128,16,3,0,7749,13442,2876,364333,360841,1113296,1097248,0.082,0.81,1.277,0.162397,0.082,0.81,0,0,0.202,0.42015,3.716,420,0,2447,18208,7.44095,1631,554,691
Zephyr,held_out,block_x_anchor,SymTabV2,528,12,14,128,32,3,0,7749,13442,2876,363806,360314,1111736,1095640,0.084,1.273,2.111,0.212545,0.084,1.273,0,0,0.211,0.547439,5.008,420,0,2447,37056,15.1434,1631,554,691
Zephyr,held_out,representation_thresholds,SymTabV2,529,4,8,32,8,3,0,7749,13442,2876,413839,410400,1196704,1196248,0.094,0.67,1.085,0.169851,0.094,0.67,0,0,0.416,0.532532,3.01,571,0,3178,10784,3.39333,1426,628,822
Zephyr,held_out,representation_thresholds,SymTabV2,530,4,12,32,8,3,0,7749,13442,2876,414604,410730,1195488,1193568,0.089,0.613,0.937,0.152011,0.089,0.613,0,0,0.371,0.479392,4.381,476,0,2760,9421,3.41341,1426,689,761
Zephyr,held_out,representation_thresholds,SymTabV2,531,4,16,32,8,3,0,7749,13442,2876,414218,410435,1189720,1187832,0.085,0.553,0.879,0.135176,0.085,0.553,0,0,0.355,0.458108,2.011,352,0,2107,6986,3.31561,1426,823,627
Zephyr,held_out,representation_thresholds,SymTabV2,532,4,24,32,8,3,0,7749,13442,2876,420467,416050,1311944,1300944,0.1,0.231,1.068,0.135678,0.1,0.231,0,0,0.419,0.547303,1.677,152,0,852,2919,3.42606,1426,1187,263
Zephyr,held_out,representation_thresholds,SymTabV2,533,4,32,32,8,3,0,7749,13442,2876,423023,417944,1315848,1314968,0.087,0.174,0.617,0.106287,0.087,0.174,0,0,0.342,0.437158,1.106,88,0,337,1128,3.34718,1426,1369,81
Zephyr,held_out,representation_thresholds,SymTabV2,534,4,999,32,8,3,0,7749,13442,2876,425052,419973,1320080,1319200,0.082,0.153,0.199,0.0902903,0.082,0.153,0,0,0.314,0.384318,1.506,0,0,0,0,0,1426,1450,0
Zephyr,held_out,representation_thresholds,SymTabV2,535,8,8,32,8,3,0,7749,13442,2876,394721,391359,1171792,1171336,0.09,0.627,0.983,0.161985,0.09,0.627,0,0,0.354,0.484483,3.253,571,0,3178,10784,3.39333,1510,544,822
Zephyr,held_out,representation_thresholds,SymTabV2,536,8,12,32,8,3,0,7749,13442,2876,395486,391689,1170368,1168448,0.086,0.588,0.881,0.147732,0.086,0.588,0,0,0.304,0.416889,2.674,476,0,2760,9421,3.41341,1510,605,761
Zephyr,held_out,representation_thresholds,SymTabV2,537,8,16,32,8,3,0,7749,13442,2876,395100,391394,1164824,1162936,0.083,0.532,0.832,0.132721,0.083,0.532,0,0,0.291,0.382143,2.11,352,0,2107,6986,3.31561,1510,739,627
Zephyr,held_out,representation_thresholds,SymTabV2,538,8,24,32,8,3,0,7749,13442,2876,401349,397009,1276040,1254144,0.082,0.175,0.791,0.106458,0.082,0.175,0,0,0.27,0.355457,1.218,152,0,852,2919,3.42606,1510,1103,263
Zephyr,held_out,representation_thresholds,SymTabV2,539,8,32,32,8,3,0,7749,13442,2876,403905,398903,1290520,1289640,0.092,0.187,0.75,0.114033,0.092,0.187,0,0,0.321,0.442562,1.235,88,0,337,1128,3.34718,1510,1285,81
Zephyr,held_out,representation_thresholds,SymTabV2,540,8,999,32,8,3,0,7749,13442,2876,405934,400932,1295152,1294272,0.081,0.15,0.192,0.0870944,0.081,0.15,0,0,0.255,0.3289,1.027,0,0,0,0,0,1510,1366,0
Zephyr,held_out,representation_thresholds,SymTabV2,541,12,8,32,8,3,0,7749,13442,2876,363239,359282,1060976,1058944,0.081,0.58,0.863,0.140467,0.081,0.58,0,0,0.198,0.358214,3.708,476,0,2760,9421,3.41341,1631,484,761
Zephyr,held_out,representation_thresholds,SymTabV2,542,12,12,32,8,3,0,7749,13442,2876,363239,359282,1061024,1058992,0.083,0.6,0.97,0.146569,0.083,0.6,0,0,0.215,0.461506,2.936,476,0,2760,9421,3.41341,1631,484,761
Zephyr,held_out,representation_thresholds,SymTabV2,543,12,16,32,8,3,0,7749,13442,2876,362853,358987,1102056,1100056,0.105,0.743,1.2,0.173131,0.105,0.743,0,0,0.288,0.521172,2.744,352,0,2107,6986,3.31561,1631,618,627
Zephyr,held_out,representation_thresholds,SymTabV2,544,12,24,32,8,3,0,7749,13442,2876,369102,364602,1119352,1117824,0.084,0.197,0.81,0.113618,0.084,0.197,0,0,0.206,0.357594,1.892,152,0,852,2919,3.42606,1631,982,263
Zephyr,held_out,representation_thresholds,SymTabV2,545,12,32,32,8,3,0,7749,13442,2876,371658,366496,1248496,1205192,0.085,0.175,0.706,0.10536,0.085,0.175,0,0,0.199,0.339497,1.911,88,0,337,1128,3.34718,1631,1164,81
Zephyr,held_out,representation_thresholds,SymTabV2,546,12,999,32,8,3,0,7749,13442,2876,373687,368525,1220960,1209968,0.082,0.157,0.201,0.0898463,0.082,0.157,0,0,0.193,0.3174,1.617,0,0,0,0,0,1631,1245,0
Zephyr,held_out,representation_thresholds,SymTabV2,547,16,8,32,8,3,0,7749,13442,2876,309639,305727,996744,994744,0.091,0.59,0.981,0.14777,0.091,0.59,0,0,0.163,0.371853,2.114,352,0,2107,6986,3.31561,1892,357,627
Zephyr,held_out,representation_thresholds,SymTabV2,548,16,12,32,8,3,0,7749,13442,2876,309639,305727,996600,994600,0.087,0.571,0.933,0.13982,0.087,0.571,0,0,0.15,0.330739,2.206,352,0,2107,6986,3.31561,1892,357,627
Zephyr,held_out,representation_thresholds,SymTabV2,549,16,16,32,8,3,0,7749,13442,2876,309639,305727,996664,994664,0.084,0.553,0.877,0.134078,0.084,0.553,0,0,0.138,0.310796,1.381,352,0,2107,6986,3.31561,1892,357,627
Zephyr,held_out,representation_thresholds,SymTabV2,550,16,24,32,8,3,0,7749,13442,2876,315888,311342,1060376,1058848,0.08,0.174,0.779,0.104839,0.08,0.174,0,0,0.132,0.277028,1.274,152,0,852,2919,3.42606,1892,721,263
Zephyr,held_out,representation_thresholds,SymTabV2,551,16,32,32,8,3,0,7749,13442,2876,318444,313236,1073896,1072904,0.079,0.156,0.529,0.0940583,0.079,0.156,0,0,0.131,0.258238,1.401,88,0,337,1128,3.34718,1892,903,81
Zephyr,held_out,representation_thresholds,SymTabV2,552,16,999,32,8,3,0,7749,13442,2876,320473,315265,1078208,1077216,0.096,0.184,0.248,0.109216,0.096,0.184,0,0,0.173,0.390044,1.338,0,0,0,0,0,1892,984,0
Zephyr,held_out,representation_thresholds,SymTabV2,553,20,8,32,8,3,0,7749,13442,2876,252895,249295,880544,879456,0.078,0.39,0.825,0.114902,0.078,0.39,0,0,0.118,0.250084,0.949,240,0,1466,4816,3.28513,2169,248,459
Zephyr,held_out,representation_thresholds,SymTabV2,554,20,12,32,8,3,0,7749,13442,2876,252895,249295,880576,879488,0.078,0.38,0.83,0.116569,0.078,0.38,0,0,0.119,0.248826,0.778,240,0,1466,4816,3.28513,2169,248,459
Zephyr,held_out,representation_thresholds,SymTabV2,555,20,16,32,8,3,0,7749,13442,2876,252895,249295,880592,879504,0.078,0.384,0.831,0.114136,0.078,0.384,0,0,0.118,0.249974,0.927,240,0,1466,4816,3.28513,2169,248,459
Zephyr,held_out,representation_thresholds,SymTabV2,556,20,24,32,8,3,0,7749,13442,2876,258047,253892,917080,915184,0.078,0.17,0.775,0.133825,0.078,0.17,0,0,0.118,0.240167,1.113,152,0,852,2919,3.42606,2169,444,263
Zephyr,held_out,representation_thresholds,SymTabV2,557,20,32,32,8,3,0,7749,13442,2876,260603,255786,986616,965896,0.091,0.181,0.569,0.108016,0.091,0.181,0,0,0.146,0.275772,0.897,88,0,337,1128,3.34718,2169,626,81
Zephyr,held_out,representation_thresholds,SymTabV2,558,20,999,32,8,3,0,7749,13442,2876,262632,257815,981904,980544,0.078,0.148,0.188,0.0857227,0.078,0.148,0,0,0.116,0.27332,0.702,0,0,0,0,0,2169,707,0
Zephyr,held_out,tiering_policy,SymTabV2,559,12,14,32,8,1,0,7749,13442,2876,382366,378302,1131648,1130600,0.082,0.658,1.013,0.139801,0.082,0.658,0,0,0.197,0.352839,2.425,1005,0,1019,3383,3.31992,1631,1102,143
Zephyr,held_out,tiering_policy,SymTabV2,560,12,14,32,8,1,20,7749,13442,2876,359019,354688,1219216,1216976,0.094,0.811,1.361,0.178958,0.094,0.811,0,0,0.254,0.543082,2.007,1216,1139,1233,4176,3.38686,1631,177,1068
Zephyr,held_out,tiering_policy,SymTabV2,561,12,14,32,8,1,100,7749,13442,2876,357126,352795,1212064,1209824,0.086,0.702,1.126,0.155857,0.086,0.702,0,0,0.217,0.386857,2.275,1190,1108,1207,4068,3.37034,1631,182,1063
Zephyr,held_out,tiering_policy,SymTabV2,562,12,14,32,8,2,0,7749,13442,2876,382366,378302,1131792,1130744,0.082,0.42,0.74,0.117754,0.082,0.42,0,0,0.199,0.354344,2.908,1005,0,2024,6713,3.3167,1631,1102,143
Zephyr,held_out,tiering_policy,SymTabV2,563,12,14,32,8,2,20,7749,13442,2876,359019,354688,1219040,1216800,0.097,0.552,0.989,0.153334,0.097,0.552,0,0,0.255,0.480063,2.723,1216,1139,2449,8301,3.38955,1631,177,1068
Zephyr,held_out,tiering_policy,SymTabV2,564,12,14,32,8,2,100,7749,13442,2876,357126,352795,1212000,1209760,0.084,0.47,0.777,0.12514,0.084,0.47,0,0,0.204,0.369237,2.272,1190,1108,2397,8081,3.3713,1631,182,1063
Zephyr,held_out,tiering_policy,SymTabV2,565,12,14,32,8,3,0,7749,13442,2876,363932,360178,1110256,1095128,0.083,0.562,0.87,0.13736,0.083,0.562,0,0,0.201,0.361417,3.002,420,0,2447,8224,3.36085,1631,554,691
Zephyr,held_out,tiering_policy,SymTabV2,566,12,14,32,8,3,20,7749,13442,2876,350714,346757,1137616,1122576,0.092,0.687,1.121,0.166244,0.092,0.687,0,0,0.241,0.448803,2.343,516,479,2784,9529,3.42277,1631,174,1071
Zephyr,held_out,tiering_policy,SymTabV2,567,12,14,32,8,3,100,7749,13442,2876,350777,347182,1137360,1123552,0.082,0.588,0.871,0.141657,0.082,0.588,0,0,0.201,0.353555,2.43,502,464,2738,9119,3.33053,1631,174,1071
Zephyr,held_out,tiering_policy,SymTabV2,568,12,14,32,8,5,0,7749,13442,2876,350781,346913,1032984,1031384,0.094,0.592,0.952,0.154731,0.094,0.592,0,0,0.247,0.435937,3.488,184,0,3053,10150,3.3246,1631,331,914
Zephyr,held_out,tiering_policy,SymTabV2,569,12,14,32,8,5,20,7749,13442,2876,345521,341573,1043520,1041216,0.103,0.702,1.077,0.176455,0.103,0.702,0,0,0.257,0.489498,3.531,237,216,3404,11437,3.35987,1631,170,1075
Zephyr,held_out,tiering_policy,SymTabV2,570,12,14,32,8,5,100,7749,13442,2876,345015,341065,1042200,1039936,0.086,0.583,0.855,0.147363,0.086,0.583,0,0,0.212,0.39012,3.104,231,209,3354,11538,3.44007,1631,170,1075
Zephyr,held_out,tiering_policy,SymTabV2,571,12,14,32,8,10,0,7749,13442,2876,346250,342382,1023256,1021656,0.104,0.654,1.042,0.173338,0.104,0.654,0,0,0.261,0.509392,2.371,89,0,3683,12123,3.29161,1631,247,998
Zephyr,held_out,tiering_policy,SymTabV2,572,12,14,32,8,10,20,7749,13442,2876,343735,339787,1029200,1026896,0.085,0.54,0.777,0.142842,0.085,0.54,0,0,0.207,0.374965,2.376,118,114,4057,13784,3.39758,1631,164,1081
Zephyr,held_out,tiering_policy,SymTabV2,573,12,14,32,8,10,100,7749,13442,2876,343708,339760,1029008,1026704,0.097,0.629,0.997,0.168148,0.097,0.629,0,0,0.256,0.465378,2.74,115,110,4007,13801,3.44422,1631,164,1081
Zephyr,held_out,tiering_policy,SymTabV2,574,12,14,32,8,999,0,7749,13442,2876,341946,338078,1016312,1014712,0.087,0.544,0.775,0.147291,0.087,0.544,0,0,0.203,0.371038,2.629,0,0,4675,14965,3.20107,1631,164,1081
Zephyr,held_out,tiering_policy,SymTabV2,575,12,14,32,8,999,20,7749,13442,2876,341946,338078,1016264,1014664,0.088,0.553,0.791,0.148351,0.088,0.553,0,0,0.209,0.371401,3.41,0,0,4675,14965,3.20107,1631,164,1081
Zephyr,held_out,tiering_policy,SymTabV2,576,12,14,32,8,999,100,7749,13442,2876,341946,338078,1016104,1014504,0.097,0.625,0.943,0.168089,0.097,0.625,0,0,0.247,0.53736,3.02,0,0,4675,14965,3.20107,1631,164,1081
